地区,年次,開始日付,開始曜日,開始時間,終了日付,終了曜日,終了時間,クラス,班,科目,コード,科目名,講師,会場
東京,J1,2021/3/16,火,18:00,2021/3/16,火,21:00,,1,法規・倫理,法規・倫理,ディスカッション【その１】,運営委員,ホール１
東京,J1,2021/3/16,火,18:00,2021/3/16,火,21:00,,2,法規・倫理,法規・倫理,ディスカッション【その１】,運営委員,ホール１
東京,J1,2021/3/16,火,18:00,2021/3/16,火,21:00,,3,法規・倫理,法規・倫理,ディスカッション【その１】,運営委員,ホール１
東京,J1,2021/3/16,火,18:00,2021/3/16,火,21:00,,4,法規・倫理,法規・倫理,ディスカッション【その１】,運営委員,ホール１
東京,J1,2021/3/16,火,18:00,2021/3/16,火,21:00,,5,法規・倫理,法規・倫理,ディスカッション【その１】,運営委員,ホール２
東京,J1,2021/3/16,火,18:00,2021/3/16,火,21:00,,6,法規・倫理,法規・倫理,ディスカッション【その１】,運営委員,ホール２
東京,J1,2021/3/16,火,18:00,2021/3/16,火,21:00,,7,法規・倫理,法規・倫理,ディスカッション【その１】,運営委員,ホール２
東京,J1,2021/3/16,火,18:00,2021/3/16,火,21:00,,8,法規・倫理,法規・倫理,ディスカッション【その１】,運営委員,ホール２
東京,J1,2021/3/17,水,18:00,2021/3/17,水,21:00,,9,法規・倫理,法規・倫理,ディスカッション【その１】,運営委員,ホール１
東京,J1,2021/3/17,水,18:00,2021/3/17,水,21:00,,10,法規・倫理,法規・倫理,ディスカッション【その１】,運営委員,ホール１
東京,J1,2021/3/17,水,18:00,2021/3/17,水,21:00,,11,法規・倫理,法規・倫理,ディスカッション【その１】,運営委員,ホール１
東京,J1,2021/3/17,水,18:00,2021/3/17,水,21:00,,12,法規・倫理,法規・倫理,ディスカッション【その１】,運営委員,ホール１
東京,J1,2021/3/17,水,18:00,2021/3/17,水,21:00,,13,法規・倫理,法規・倫理,ディスカッション【その１】,運営委員,ホール２
東京,J1,2021/3/17,水,18:00,2021/3/17,水,21:00,,14,法規・倫理,法規・倫理,ディスカッション【その１】,運営委員,ホール２
東京,J1,2021/3/17,水,18:00,2021/3/17,水,21:00,,15,法規・倫理,法規・倫理,ディスカッション【その１】,運営委員,ホール２
東京,J1,2021/3/17,水,18:00,2021/3/17,水,21:00,,16,法規・倫理,法規・倫理,ディスカッション【その１】,運営委員,ホール２
東京,J1,2021/3/18,木,18:00,2021/3/18,木,21:00,,17,法規・倫理,法規・倫理,ディスカッション【その１】,運営委員,ホール１
東京,J1,2021/3/18,木,18:00,2021/3/18,木,21:00,,18,法規・倫理,法規・倫理,ディスカッション【その１】,運営委員,ホール１
東京,J1,2021/3/18,木,18:00,2021/3/18,木,21:00,,19,法規・倫理,法規・倫理,ディスカッション【その１】,運営委員,ホール１
東京,J1,2021/3/18,木,18:00,2021/3/18,木,21:00,,20,法規・倫理,法規・倫理,ディスカッション【その１】,運営委員,ホール１
東京,J1,2021/3/18,木,18:00,2021/3/18,木,21:00,,21,法規・倫理,法規・倫理,ディスカッション【その１】,運営委員,ホール２
東京,J1,2021/3/18,木,18:00,2021/3/18,木,21:00,,22,法規・倫理,法規・倫理,ディスカッション【その１】,運営委員,ホール２
東京,J1,2021/3/18,木,18:00,2021/3/18,木,21:00,,23,法規・倫理,法規・倫理,ディスカッション【その１】,運営委員,ホール２
東京,J1,2021/3/18,木,18:00,2021/3/18,木,21:00,,24,法規・倫理,法規・倫理,ディスカッション【その１】,運営委員,ホール２
東京,J1,2021/3/19,金,18:00,2021/3/19,金,21:00,,25,法規・倫理,法規・倫理,ディスカッション【その１】,運営委員,ホール１
東京,J1,2021/3/19,金,18:00,2021/3/19,金,21:00,,26,法規・倫理,法規・倫理,ディスカッション【その１】,運営委員,ホール１
東京,J1,2021/3/19,金,18:00,2021/3/19,金,21:00,,27,法規・倫理,法規・倫理,ディスカッション【その１】,運営委員,ホール１
東京,J1,2021/3/19,金,18:00,2021/3/19,金,21:00,,28,法規・倫理,法規・倫理,ディスカッション【その１】,運営委員,ホール１
東京,J1,2021/3/19,金,18:00,2021/3/19,金,21:00,,29,法規・倫理,法規・倫理,ディスカッション【その１】,運営委員,ホール２
東京,J1,2021/3/19,金,18:00,2021/3/19,金,21:00,,30,法規・倫理,法規・倫理,ディスカッション【その１】,運営委員,ホール２
東京,J1,2021/3/19,金,18:00,2021/3/19,金,21:00,,31,法規・倫理,法規・倫理,ディスカッション【その１】,運営委員,ホール２
東京,J1,2021/3/19,金,18:00,2021/3/19,金,21:00,,32,法規・倫理,法規・倫理,ディスカッション【その１】,運営委員,ホール２
東京,J1,2021/3/20,土,9:00,2021/3/20,土,12:00,,33,法規・倫理,法規・倫理,ディスカッション【その１】,運営委員,ホール１
東京,J1,2021/3/20,土,9:00,2021/3/20,土,12:00,,34,法規・倫理,法規・倫理,ディスカッション【その１】,運営委員,ホール１
東京,J1,2021/3/20,土,9:00,2021/3/20,土,12:00,,35,法規・倫理,法規・倫理,ディスカッション【その１】,運営委員,ホール１
東京,J1,2021/3/20,土,9:00,2021/3/20,土,12:00,,36,法規・倫理,法規・倫理,ディスカッション【その１】,運営委員,ホール１
東京,J1,2021/3/20,土,9:00,2021/3/20,土,12:00,,37,法規・倫理,法規・倫理,ディスカッション【その１】,運営委員,ホール２
東京,J1,2021/3/20,土,9:00,2021/3/20,土,12:00,,38,法規・倫理,法規・倫理,ディスカッション【その１】,運営委員,ホール２
東京,J1,2021/3/20,土,9:00,2021/3/20,土,12:00,,39,法規・倫理,法規・倫理,ディスカッション【その１】,運営委員,ホール２
東京,J1,2021/3/20,土,9:00,2021/3/20,土,12:00,,40,法規・倫理,法規・倫理,ディスカッション【その１】,運営委員,ホール２
東京,J1,2021/3/20,土,9:00,2021/3/20,土,12:00,,41,法規・倫理,法規・倫理,ディスカッション【その１】,運営委員,402
東京,J1,2021/3/20,土,9:00,2021/3/20,土,12:00,,42,法規・倫理,法規・倫理,ディスカッション【その１】,運営委員,403
東京,J1,2021/3/22,月,18:00,2021/3/22,月,21:00,事前エントリー,,監査,303,購買・棚卸資産・原価計算【その1】,藤原 康弘,ホール１
東京,J1,2021/3/23,火,18:00,2021/3/23,火,21:00,事前エントリー,,監査,303,購買・棚卸資産・原価計算【その２】,藤原 康弘,ホール１
東京,J1,2021/3/25,木,18:00,2021/3/25,木,21:00,事前エントリー,,監査,335,金融商品【その３】,中山 英志,ホール１
東京,J1,2021/3/26,金,18:00,2021/3/26,金,21:00,事前エントリー,,,,入所式,,教育会館
東京,J1,2021/3/26,金,18:30,2021/3/26,金,18:30,事前エントリー,,特別,101,（必修）会長講話,手塚 正彦 ,教育会館
東京,J1,2021/5/17,月,18:00,2021/5/17,月,21:00,,1,監査,334,固定資産【ゼミナール】,運営委員,ホール１
東京,J1,2021/5/17,月,18:00,2021/5/17,月,21:00,,2,監査,334,固定資産【ゼミナール】,運営委員,ホール１
東京,J1,2021/5/17,月,18:00,2021/5/17,月,21:00,,3,監査,334,固定資産【ゼミナール】,運営委員,ホール１
東京,J1,2021/5/17,月,18:00,2021/5/17,月,21:00,,4,監査,334,固定資産【ゼミナール】,運営委員,ホール１
東京,J1,2021/5/17,月,18:00,2021/5/17,月,21:00,,5,監査,334,固定資産【ゼミナール】,運営委員,ホール２
東京,J1,2021/5/17,月,18:00,2021/5/17,月,21:00,,6,監査,334,固定資産【ゼミナール】,運営委員,ホール２
東京,J1,2021/5/17,月,18:00,2021/5/17,月,21:00,,7,監査,334,固定資産【ゼミナール】,運営委員,ホール２
東京,J1,2021/5/17,月,18:00,2021/5/17,月,21:00,,8,監査,334,固定資産【ゼミナール】,運営委員,ホール２
東京,J1,2021/5/18,火,18:00,2021/5/18,火,21:00,,9,監査,334,固定資産【ゼミナール】,運営委員,ホール１
東京,J1,2021/5/18,火,18:00,2021/5/18,火,21:00,,10,監査,334,固定資産【ゼミナール】,運営委員,ホール１
東京,J1,2021/5/18,火,18:00,2021/5/18,火,21:00,,11,監査,334,固定資産【ゼミナール】,運営委員,ホール１
東京,J1,2021/5/18,火,18:00,2021/5/18,火,21:00,,12,監査,334,固定資産【ゼミナール】,運営委員,ホール１
東京,J1,2021/5/18,火,18:00,2021/5/18,火,21:00,,13,監査,334,固定資産【ゼミナール】,運営委員,ホール２
東京,J1,2021/5/18,火,18:00,2021/5/18,火,21:00,,14,監査,334,固定資産【ゼミナール】,運営委員,ホール２
東京,J1,2021/5/18,火,18:00,2021/5/18,火,21:00,,15,監査,334,固定資産【ゼミナール】,運営委員,ホール２
東京,J1,2021/5/18,火,18:00,2021/5/18,火,21:00,,16,監査,334,固定資産【ゼミナール】,運営委員,ホール２
東京,J1,2021/5/19,水,18:00,2021/5/19,水,21:00,,17,監査,334,固定資産【ゼミナール】,運営委員,ホール１
東京,J1,2021/5/19,水,18:00,2021/5/19,水,21:00,,18,監査,334,固定資産【ゼミナール】,運営委員,ホール１
東京,J1,2021/5/19,水,18:00,2021/5/19,水,21:00,,19,監査,334,固定資産【ゼミナール】,運営委員,ホール１
東京,J1,2021/5/19,水,18:00,2021/5/19,水,21:00,,20,監査,334,固定資産【ゼミナール】,運営委員,ホール１
東京,J1,2021/5/19,水,18:00,2021/5/19,水,21:00,,21,監査,334,固定資産【ゼミナール】,運営委員,ホール２
東京,J1,2021/5/19,水,18:00,2021/5/19,水,21:00,,22,監査,334,固定資産【ゼミナール】,運営委員,ホール２
東京,J1,2021/5/19,水,18:00,2021/5/19,水,21:00,,23,監査,334,固定資産【ゼミナール】,運営委員,ホール２
東京,J1,2021/5/19,水,18:00,2021/5/19,水,21:00,,24,監査,334,固定資産【ゼミナール】,運営委員,ホール２
東京,J1,2021/5/20,木,18:00,2021/5/20,木,21:00,,25,監査,334,固定資産【ゼミナール】,運営委員,ホール１
東京,J1,2021/5/20,木,18:00,2021/5/20,木,21:00,,26,監査,334,固定資産【ゼミナール】,運営委員,ホール１
東京,J1,2021/5/20,木,18:00,2021/5/20,木,21:00,,27,監査,334,固定資産【ゼミナール】,運営委員,ホール１
東京,J1,2021/5/20,木,18:00,2021/5/20,木,21:00,,28,監査,334,固定資産【ゼミナール】,運営委員,ホール１
東京,J1,2021/5/20,木,18:00,2021/5/20,木,21:00,,29,監査,334,固定資産【ゼミナール】,運営委員,ホール２
東京,J1,2021/5/20,木,18:00,2021/5/20,木,21:00,,30,監査,334,固定資産【ゼミナール】,運営委員,ホール２
東京,J1,2021/5/20,木,18:00,2021/5/20,木,21:00,,31,監査,334,固定資産【ゼミナール】,運営委員,ホール２
東京,J1,2021/5/20,木,18:00,2021/5/20,木,21:00,,32,監査,334,固定資産【ゼミナール】,運営委員,ホール２
東京,J1,2021/5/21,金,18:00,2021/5/21,金,21:00,,33,監査,334,固定資産【ゼミナール】,運営委員,ホール１
東京,J1,2021/5/21,金,18:00,2021/5/21,金,21:00,,34,監査,334,固定資産【ゼミナール】,運営委員,ホール１
東京,J1,2021/5/21,金,18:00,2021/5/21,金,21:00,,35,監査,334,固定資産【ゼミナール】,運営委員,ホール１
東京,J1,2021/5/21,金,18:00,2021/5/21,金,21:00,,36,監査,334,固定資産【ゼミナール】,運営委員,ホール１
東京,J1,2021/5/21,金,18:00,2021/5/21,金,21:00,,37,監査,334,固定資産【ゼミナール】,運営委員,ホール２
東京,J1,2021/5/21,金,18:00,2021/5/21,金,21:00,,38,監査,334,固定資産【ゼミナール】,運営委員,ホール２
東京,J1,2021/5/21,金,18:00,2021/5/21,金,21:00,,39,監査,334,固定資産【ゼミナール】,運営委員,ホール２
東京,J1,2021/5/21,金,18:00,2021/5/21,金,21:00,,40,監査,334,固定資産【ゼミナール】,運営委員,ホール２
東京,J1,2021/5/22,土,9:00,2021/5/22,土,12:00,,41,監査,334,固定資産【ゼミナール】,運営委員,402会議室
東京,J1,2021/5/22,土,9:00,2021/5/22,土,12:00,,42,監査,334,固定資産【ゼミナール】,運営委員,403会議室
東京,J1,2021/5/22,土,13:00,2021/5/22,土,15:00,,41,監査,332,販売【ゼミナール】,運営委員,402会議室
東京,J1,2021/5/22,土,13:00,2021/5/22,土,15:00,,42,監査,332,販売【ゼミナール】,運営委員,403会議室
東京,J1,2021/5/24,月,18:00,2021/5/24,月,21:00,,1,監査,332,販売【ゼミナール】,運営委員,ホール１
東京,J1,2021/5/24,月,18:00,2021/5/24,月,21:00,,2,監査,332,販売【ゼミナール】,運営委員,ホール１
東京,J1,2021/5/24,月,18:00,2021/5/24,月,21:00,,3,監査,332,販売【ゼミナール】,運営委員,ホール１
東京,J1,2021/5/24,月,18:00,2021/5/24,月,21:00,,4,監査,332,販売【ゼミナール】,運営委員,ホール１
東京,J1,2021/5/24,月,18:00,2021/5/24,月,21:00,,5,監査,332,販売【ゼミナール】,運営委員,ホール２
東京,J1,2021/5/24,月,18:00,2021/5/24,月,21:00,,6,監査,332,販売【ゼミナール】,運営委員,ホール２
東京,J1,2021/5/24,月,18:00,2021/5/24,月,21:00,,7,監査,332,販売【ゼミナール】,運営委員,ホール２
東京,J1,2021/5/24,月,18:00,2021/5/24,月,21:00,,8,監査,332,販売【ゼミナール】,運営委員,ホール２
東京,J1,2021/5/25,火,18:00,2021/5/25,火,21:00,,9,監査,332,販売【ゼミナール】,運営委員,ホール１
東京,J1,2021/5/25,火,18:00,2021/5/25,火,21:00,,10,監査,332,販売【ゼミナール】,運営委員,ホール１
東京,J1,2021/5/25,火,18:00,2021/5/25,火,21:00,,11,監査,332,販売【ゼミナール】,運営委員,ホール１
東京,J1,2021/5/25,火,18:00,2021/5/25,火,21:00,,12,監査,332,販売【ゼミナール】,運営委員,ホール１
東京,J1,2021/5/25,火,18:00,2021/5/25,火,21:00,,13,監査,332,販売【ゼミナール】,運営委員,ホール２
東京,J1,2021/5/25,火,18:00,2021/5/25,火,21:00,,14,監査,332,販売【ゼミナール】,運営委員,ホール２
東京,J1,2021/5/25,火,18:00,2021/5/25,火,21:00,,15,監査,332,販売【ゼミナール】,運営委員,ホール２
東京,J1,2021/5/25,火,18:00,2021/5/25,火,21:00,,16,監査,332,販売【ゼミナール】,運営委員,ホール２
東京,J1,2021/5/26,水,18:00,2021/5/26,水,21:00,,17,監査,332,販売【ゼミナール】,運営委員,ホール１
東京,J1,2021/5/26,水,18:00,2021/5/26,水,21:00,,18,監査,332,販売【ゼミナール】,運営委員,ホール１
東京,J1,2021/5/26,水,18:00,2021/5/26,水,21:00,,19,監査,332,販売【ゼミナール】,運営委員,ホール１
東京,J1,2021/5/26,水,18:00,2021/5/26,水,21:00,,20,監査,332,販売【ゼミナール】,運営委員,ホール１
東京,J1,2021/5/26,水,18:00,2021/5/26,水,21:00,,21,監査,332,販売【ゼミナール】,運営委員,ホール２
東京,J1,2021/5/26,水,18:00,2021/5/26,水,21:00,,22,監査,332,販売【ゼミナール】,運営委員,ホール２
東京,J1,2021/5/26,水,18:00,2021/5/26,水,21:00,,23,監査,332,販売【ゼミナール】,運営委員,ホール２
東京,J1,2021/5/26,水,18:00,2021/5/26,水,21:00,,24,監査,332,販売【ゼミナール】,運営委員,ホール２
東京,J1,2021/5/27,木,18:00,2021/5/27,木,21:00,,25,監査,332,販売【ゼミナール】,運営委員,ホール１
東京,J1,2021/5/27,木,18:00,2021/5/27,木,21:00,,26,監査,332,販売【ゼミナール】,運営委員,ホール１
東京,J1,2021/5/27,木,18:00,2021/5/27,木,21:00,,27,監査,332,販売【ゼミナール】,運営委員,ホール１
東京,J1,2021/5/27,木,18:00,2021/5/27,木,21:00,,28,監査,332,販売【ゼミナール】,運営委員,ホール１
東京,J1,2021/5/27,木,18:00,2021/5/27,木,21:00,,29,監査,332,販売【ゼミナール】,運営委員,ホール２
東京,J1,2021/5/27,木,18:00,2021/5/27,木,21:00,,30,監査,332,販売【ゼミナール】,運営委員,ホール２
東京,J1,2021/5/27,木,18:00,2021/5/27,木,21:00,,31,監査,332,販売【ゼミナール】,運営委員,ホール２
東京,J1,2021/5/27,木,18:00,2021/5/27,木,21:00,,32,監査,332,販売【ゼミナール】,運営委員,ホール２
東京,J1,2021/5/27,木,18:00,2021/5/27,木,21:00,,33,監査,332,販売【ゼミナール】,運営委員,403会議室
東京,J1,2021/5/27,木,18:00,2021/5/27,木,21:00,,34,監査,332,販売【ゼミナール】,運営委員,404会議室
東京,J1,2021/5/28,金,18:00,2021/5/28,金,21:00,,35,監査,332,販売【ゼミナール】,運営委員,ホール１
東京,J1,2021/5/28,金,18:00,2021/5/28,金,21:00,,36,監査,332,販売【ゼミナール】,運営委員,ホール１
東京,J1,2021/5/28,金,18:00,2021/5/28,金,21:00,,37,監査,332,販売【ゼミナール】,運営委員,ホール１
東京,J1,2021/5/28,金,18:00,2021/5/28,金,21:00,,38,監査,332,販売【ゼミナール】,運営委員,ホール１
東京,J1,2021/5/28,金,18:00,2021/5/28,金,21:00,,39,監査,332,販売【ゼミナール】,運営委員,403会議室
東京,J1,2021/5/28,金,18:00,2021/5/28,金,21:00,,40,監査,332,販売【ゼミナール】,運営委員,404会議室
東京,J1,2021/5/29,土,9:00,2021/5/29,土,12:00,,41,経営,201,経営分析総論【ゼミナール】,運営委員,402会議室
東京,J1,2021/5/29,土,9:00,2021/5/29,土,12:00,,42,経営,201,経営分析総論【ゼミナール】,運営委員,403会議室
東京,J1,2021/5/31,月,18:00,2021/5/31,月,21:00,,1,経営,201,経営分析総論【ゼミナール】,運営委員,ホール１
東京,J1,2021/5/31,月,18:00,2021/5/31,月,21:00,,2,経営,201,経営分析総論【ゼミナール】,運営委員,ホール１
東京,J1,2021/5/31,月,18:00,2021/5/31,月,21:00,,3,経営,201,経営分析総論【ゼミナール】,運営委員,ホール１
東京,J1,2021/5/31,月,18:00,2021/5/31,月,21:00,,4,経営,201,経営分析総論【ゼミナール】,運営委員,ホール１
東京,J1,2021/5/31,月,18:00,2021/5/31,月,21:00,,5,経営,201,経営分析総論【ゼミナール】,運営委員,ホール２
東京,J1,2021/5/31,月,18:00,2021/5/31,月,21:00,,6,経営,201,経営分析総論【ゼミナール】,運営委員,ホール２
東京,J1,2021/5/31,月,18:00,2021/5/31,月,21:00,,7,経営,201,経営分析総論【ゼミナール】,運営委員,ホール２
東京,J1,2021/5/31,月,18:00,2021/5/31,月,21:00,,8,経営,201,経営分析総論【ゼミナール】,運営委員,ホール２
東京,J1,2021/5/31,月,18:00,2021/5/31,月,21:00,,9,経営,201,経営分析総論【ゼミナール】,運営委員,403会議室
東京,J1,2021/5/31,月,18:00,2021/5/31,月,21:00,,10,経営,201,経営分析総論【ゼミナール】,運営委員,404会議室
東京,J1,2021/6/1,火,18:00,2021/6/1,火,21:00,,11,経営,201,経営分析総論【ゼミナール】,運営委員,ホール１
東京,J1,2021/6/1,火,18:00,2021/6/1,火,21:00,,12,経営,201,経営分析総論【ゼミナール】,運営委員,ホール１
東京,J1,2021/6/1,火,18:00,2021/6/1,火,21:00,,13,経営,201,経営分析総論【ゼミナール】,運営委員,ホール１
東京,J1,2021/6/1,火,18:00,2021/6/1,火,21:00,,14,経営,201,経営分析総論【ゼミナール】,運営委員,ホール１
東京,J1,2021/6/1,火,18:00,2021/6/1,火,21:00,,15,経営,201,経営分析総論【ゼミナール】,運営委員,403会議室
東京,J1,2021/6/1,火,18:00,2021/6/1,火,21:00,,16,経営,201,経営分析総論【ゼミナール】,運営委員,404会議室
東京,J1,2021/6/2,水,18:00,2021/6/2,水,21:00,,17,経営,201,経営分析総論【ゼミナール】,運営委員,ホール１
東京,J1,2021/6/2,水,18:00,2021/6/2,水,21:00,,18,経営,201,経営分析総論【ゼミナール】,運営委員,ホール１
東京,J1,2021/6/2,水,18:00,2021/6/2,水,21:00,,19,経営,201,経営分析総論【ゼミナール】,運営委員,ホール１
東京,J1,2021/6/2,水,18:00,2021/6/2,水,21:00,,20,経営,201,経営分析総論【ゼミナール】,運営委員,ホール１
東京,J1,2021/6/2,水,18:00,2021/6/2,水,21:00,,21,経営,201,経営分析総論【ゼミナール】,運営委員,ホール２
東京,J1,2021/6/2,水,18:00,2021/6/2,水,21:00,,22,経営,201,経営分析総論【ゼミナール】,運営委員,ホール２
東京,J1,2021/6/2,水,18:00,2021/6/2,水,21:00,,23,経営,201,経営分析総論【ゼミナール】,運営委員,ホール２
東京,J1,2021/6/2,水,18:00,2021/6/2,水,21:00,,24,経営,201,経営分析総論【ゼミナール】,運営委員,ホール２
東京,J1,2021/6/3,木,18:00,2021/6/3,木,21:00,,25,経営,201,経営分析総論【ゼミナール】,運営委員,ホール１
東京,J1,2021/6/3,木,18:00,2021/6/3,木,21:00,,26,経営,201,経営分析総論【ゼミナール】,運営委員,ホール１
東京,J1,2021/6/3,木,18:00,2021/6/3,木,21:00,,27,経営,201,経営分析総論【ゼミナール】,運営委員,ホール１
東京,J1,2021/6/3,木,18:00,2021/6/3,木,21:00,,28,経営,201,経営分析総論【ゼミナール】,運営委員,ホール１
東京,J1,2021/6/3,木,18:00,2021/6/3,木,21:00,,29,経営,201,経営分析総論【ゼミナール】,運営委員,ホール２
東京,J1,2021/6/3,木,18:00,2021/6/3,木,21:00,,30,経営,201,経営分析総論【ゼミナール】,運営委員,ホール２
東京,J1,2021/6/3,木,18:00,2021/6/3,木,21:00,,31,経営,201,経営分析総論【ゼミナール】,運営委員,ホール２
東京,J1,2021/6/3,木,18:00,2021/6/3,木,21:00,,32,経営,201,経営分析総論【ゼミナール】,運営委員,ホール２
東京,J1,2021/6/4,金,18:00,2021/6/4,金,21:00,,33,経営,201,経営分析総論【ゼミナール】,運営委員,ホール１
東京,J1,2021/6/4,金,18:00,2021/6/4,金,21:00,,34,経営,201,経営分析総論【ゼミナール】,運営委員,ホール１
東京,J1,2021/6/4,金,18:00,2021/6/4,金,21:00,,35,経営,201,経営分析総論【ゼミナール】,運営委員,ホール１
東京,J1,2021/6/4,金,18:00,2021/6/4,金,21:00,,36,経営,201,経営分析総論【ゼミナール】,運営委員,ホール１
東京,J1,2021/6/4,金,18:00,2021/6/4,金,21:00,,37,経営,201,経営分析総論【ゼミナール】,運営委員,ホール２
東京,J1,2021/6/4,金,18:00,2021/6/4,金,21:00,,38,経営,201,経営分析総論【ゼミナール】,運営委員,ホール２
東京,J1,2021/6/4,金,18:00,2021/6/4,金,21:00,,39,経営,201,経営分析総論【ゼミナール】,運営委員,ホール２
東京,J1,2021/6/4,金,18:00,2021/6/4,金,21:00,,40,経営,201,経営分析総論【ゼミナール】,運営委員,ホール２
東京・全支所,J1,2021/6/6,日,9:50,2021/6/6,日,12:00,,,,,【監査総合グループ】第１回考査,,
東京・全支所,J1,2021/6/6,日,13:20,2021/6/6,日,15:30,,,,,【監査総合グループ】第２回考査,,
東京,J1,2021/6/14,月,18:00,2021/6/14,月,21:00,事前エントリー,,特別,201,監査規範【ゼミナール】,運営委員,ホール１
東京,J1,2021/6/14,月,18:00,2021/6/14,月,21:00,事前エントリー,,特別,201,監査規範【ゼミナール】,運営委員,ホール２
東京,J1,2021/6/15,火,18:00,2021/6/15,火,21:00,事前エントリー,,特別,202,連結会計【ゼミナール】,運営委員,ホール１
東京,J1,2021/6/15,火,18:00,2021/6/15,火,21:00,事前エントリー,,特別,202,連結会計【ゼミナール】,運営委員,ホール２
東京,J1,2021/6/16,水,18:00,2021/6/16,水,21:00,事前エントリー,,特別,203,会計倫理【ゼミナール】,運営委員,ホール１
東京,J1,2021/6/16,水,18:00,2021/6/16,水,21:00,事前エントリー,,特別,203,会計倫理【ゼミナール】,運営委員,ホール２
東京・全支所,J1,2021/6/20,日,9:50,2021/6/20,日,12:00,,,,,【監査総合グループ】第３回考査,,
東京・全支所,J1,2021/6/20,日,13:20,2021/6/20,日,15:30,,,,,【監査総合グループ】第４回考査,,
東京・全支所,J1,2021/7/4,日,9:50,2021/6/20,日,12:00,,,,,【監査総合グループ】第５回考査,,
東京・全支所,J1,2021/7/4,日,13:20,2021/6/20,日,15:30,,,,,【監査総合グループ】第６回考査,,
東京,J1,2021/7/10,土,9:00,2021/7/10,土,12:00,事前エントリー,,特別,201,監査規範【ゼミナール】,運営委員,ホール１
東京,J1,2021/7/10,土,9:00,2021/7/10,土,12:00,事前エントリー,,特別,201,監査規範【ゼミナール】,運営委員,ホール２
東京,J1,2021/7/10,土,13:00,2021/7/10,土,16:00,事前エントリー,,特別,202,連結会計【ゼミナール】,運営委員,ホール１
東京,J1,2021/7/10,土,13:00,2021/7/10,土,16:00,事前エントリー,,特別,202,連結会計【ゼミナール】,運営委員,ホール２
東京,J1,2021/7/10,土,16:10,2021/7/10,土,19:10,事前エントリー,,特別,203,会計倫理【ゼミナール】,運営委員,ホール１
東京,J1,2021/7/10,土,16:10,2021/7/10,土,19:10,事前エントリー,,特別,203,会計倫理【ゼミナール】,運営委員,ホール２
東京・全支所,J1,2021/7/18,日,9:50,2021/7/18,日,12:00,,,,,【税務グループ】第１回考査,,
東京,J1,2021/8/9,月,9:00,2021/8/9,月,12:00,,41,法規・倫理,501,ディスカッション【その２】,運営委員,402会議室
東京,J1,2021/8/9,月,9:00,2021/8/9,月,12:00,,42,法規・倫理,501,ディスカッション【その２】,運営委員,403会議室
東京,J1,2021/8/10,火,18:00,2021/8/10,火,21:00,,1,法規・倫理,501,ディスカッション【その２】,運営委員,ホール１
東京,J1,2021/8/10,火,18:00,2021/8/10,火,21:00,,2,法規・倫理,501,ディスカッション【その２】,運営委員,ホール１
東京,J1,2021/8/10,火,18:00,2021/8/10,火,21:00,,3,法規・倫理,501,ディスカッション【その２】,運営委員,ホール１
東京,J1,2021/8/10,火,18:00,2021/8/10,火,21:00,,4,法規・倫理,501,ディスカッション【その２】,運営委員,ホール１
東京,J1,2021/8/10,火,18:00,2021/8/10,火,21:00,,5,法規・倫理,501,ディスカッション【その２】,運営委員,ホール２
東京,J1,2021/8/10,火,18:00,2021/8/10,火,21:00,,6,法規・倫理,501,ディスカッション【その２】,運営委員,ホール２
東京,J1,2021/8/10,火,18:00,2021/8/10,火,21:00,,7,法規・倫理,501,ディスカッション【その２】,運営委員,ホール２
東京,J1,2021/8/10,火,18:00,2021/8/10,火,21:00,,8,法規・倫理,501,ディスカッション【その２】,運営委員,ホール２
東京,J1,2021/8/10,火,18:00,2021/8/10,火,21:00,,9,法規・倫理,501,ディスカッション【その２】,運営委員,403会議室
東京,J1,2021/8/10,火,18:00,2021/8/10,火,21:00,,10,法規・倫理,501,ディスカッション【その２】,運営委員,404会議室
東京,J1,2021/8/11,水,18:00,2021/8/11,水,21:00,,11,法規・倫理,501,ディスカッション【その２】,運営委員,ホール１
東京,J1,2021/8/11,水,18:00,2021/8/11,水,21:00,,12,法規・倫理,501,ディスカッション【その２】,運営委員,ホール１
東京,J1,2021/8/11,水,18:00,2021/8/11,水,21:00,,13,法規・倫理,501,ディスカッション【その２】,運営委員,ホール１
東京,J1,2021/8/11,水,18:00,2021/8/11,水,21:00,,14,法規・倫理,501,ディスカッション【その２】,運営委員,ホール１
東京,J1,2021/8/11,水,18:00,2021/8/11,水,21:00,,15,法規・倫理,501,ディスカッション【その２】,運営委員,ホール２
東京,J1,2021/8/11,水,18:00,2021/8/11,水,21:00,,16,法規・倫理,501,ディスカッション【その２】,運営委員,ホール２
東京,J1,2021/8/11,水,18:00,2021/8/11,水,21:00,,17,法規・倫理,501,ディスカッション【その２】,運営委員,ホール２
東京,J1,2021/8/11,水,18:00,2021/8/11,水,21:00,,18,法規・倫理,501,ディスカッション【その２】,運営委員,ホール２
東京,J1,2021/8/11,水,18:00,2021/8/11,水,21:00,,19,法規・倫理,501,ディスカッション【その２】,運営委員,403会議室
東京,J1,2021/8/11,水,18:00,2021/8/11,水,21:00,,20,法規・倫理,501,ディスカッション【その２】,運営委員,404会議室
東京,J1,2021/8/16,月,18:00,2021/8/16,月,21:00,,21,法規・倫理,501,ディスカッション【その２】,運営委員,ホール１
東京,J1,2021/8/16,月,18:00,2021/8/16,月,21:00,,22,法規・倫理,501,ディスカッション【その２】,運営委員,ホール１
東京,J1,2021/8/16,月,18:00,2021/8/16,月,21:00,,23,法規・倫理,501,ディスカッション【その２】,運営委員,ホール１
東京,J1,2021/8/16,月,18:00,2021/8/16,月,21:00,,24,法規・倫理,501,ディスカッション【その２】,運営委員,ホール１
東京,J1,2021/8/16,月,18:00,2021/8/16,月,21:00,,25,法規・倫理,501,ディスカッション【その２】,運営委員,ホール２
東京,J1,2021/8/16,月,18:00,2021/8/16,月,21:00,,26,法規・倫理,501,ディスカッション【その２】,運営委員,ホール２
東京,J1,2021/8/16,月,18:00,2021/8/16,月,21:00,,27,法規・倫理,501,ディスカッション【その２】,運営委員,ホール２
東京,J1,2021/8/16,月,18:00,2021/8/16,月,21:00,,28,法規・倫理,501,ディスカッション【その２】,運営委員,ホール２
東京,J1,2021/8/16,月,18:00,2021/8/16,月,21:00,,29,法規・倫理,501,ディスカッション【その２】,運営委員,403会議室
東京,J1,2021/8/16,月,18:00,2021/8/16,月,21:00,,30,法規・倫理,501,ディスカッション【その２】,運営委員,404会議室
東京,J1,2021/8/17,火,18:00,2021/8/17,火,21:00,,31,法規・倫理,501,ディスカッション【その２】,運営委員,ホール２
東京,J1,2021/8/17,火,18:00,2021/8/17,火,21:00,,32,法規・倫理,501,ディスカッション【その２】,運営委員,ホール２
東京,J1,2021/8/17,火,18:00,2021/8/17,火,21:00,,33,法規・倫理,501,ディスカッション【その２】,運営委員,ホール２
東京,J1,2021/8/17,火,18:00,2021/8/17,火,21:00,,34,法規・倫理,501,ディスカッション【その２】,運営委員,ホール２
東京,J1,2021/8/17,火,18:00,2021/8/17,火,21:00,,35,法規・倫理,501,ディスカッション【その２】,運営委員,403会議室
東京,J1,2021/8/17,火,18:00,2021/8/17,火,21:00,,36,法規・倫理,501,ディスカッション【その２】,運営委員,404会議室
東京,J1,2021/8/18,水,18:00,2021/8/18,水,21:00,,37,法規・倫理,501,ディスカッション【その２】,運営委員,403会議室
東京,J1,2021/8/18,水,18:00,2021/8/18,水,21:00,,38,法規・倫理,501,ディスカッション【その２】,運営委員,404会議室
東京,J1,2021/8/19,木,18:00,2021/8/19,木,21:00,,39,法規・倫理,501,ディスカッション【その２】,運営委員,403会議室
東京,J1,2021/8/19,木,18:00,2021/8/19,木,21:00,,40,法規・倫理,501,ディスカッション【その２】,運営委員,404会議室
東京,J1,2021/8/21,土,9:00,2021/8/21,土,12:00,,41,法規・倫理,501,ディスカッション【その３】,運営委員,403会議室
東京,J1,2021/8/21,土,9:00,2021/8/21,土,12:00,,42,法規・倫理,501,ディスカッション【その３】,運営委員,404会議室
東京,J1,2021/8/23,月,18:00,2021/8/23,月,21:00,,1,法規・倫理,501,ディスカッション【その３】,運営委員,ホール１
東京,J1,2021/8/23,月,18:00,2021/8/23,月,21:00,,5,法規・倫理,501,ディスカッション【その３】,運営委員,ホール２
東京,J1,2021/8/24,火,18:00,2021/8/24,火,21:00,,9,法規・倫理,501,ディスカッション【その３】,運営委員,ホール１
東京,J1,2021/8/24,火,18:00,2021/8/24,火,21:00,,13,法規・倫理,501,ディスカッション【その３】,運営委員,ホール２
東京,J1,2021/8/25,水,18:00,2021/8/25,水,21:00,,17,法規・倫理,501,ディスカッション【その３】,運営委員,ホール１
東京,J1,2021/8/25,水,18:00,2021/8/25,水,21:00,,21,法規・倫理,501,ディスカッション【その３】,運営委員,ホール２
東京,J1,2021/8/26,木,18:00,2021/8/26,木,21:00,,25,法規・倫理,501,ディスカッション【その３】,運営委員,ホール１
東京,J1,2021/8/26,木,18:00,2021/8/26,木,21:00,,29,法規・倫理,501,ディスカッション【その３】,運営委員,ホール２
東京,J1,2021/8/27,金,18:00,2021/8/27,金,21:00,,33,法規・倫理,501,ディスカッション【その３】,運営委員,ホール１
東京,J1,2021/8/27,金,18:00,2021/8/27,金,21:00,,37,法規・倫理,501,ディスカッション【その３】,運営委員,ホール２
東京・全支所,J1,2021/8/28,土,9:50,2021/8/28,土,12:00,,,,,追試【監査総合グループ】第１回考査,,公認会計士会館
東京・全支所,J1,2021/8/28,土,13:20,2021/8/28,土,15:30,,,,,追試【監査総合グループ】第２回考査,,公認会計士会館
東京・全支所,J1,2021/8/29,日,9:50,2021/8/29,日,12:00,,,,,追試【監査総合グループ】第３回考査,,公認会計士会館
東京・全支所,J1,2021/8/29,日,13:20,2021/8/29,日,15:30,,,,,追試【監査総合グループ】第４回考査,,公認会計士会館
東京・全支所,J1,2021/9/4,土,9:50,2021/9/4,土,12:00,,,,,追試【監査総合グループ】第５回考査,,公認会計士会館
東京・全支所,J1,2021/9/4,土,13:20,2021/9/4,土,15:30,,,,,追試【監査総合グループ】第６回考査,,公認会計士会館
東京・全支所,J1,2021/9/5,日,9:50,2021/9/5,日,12:00,,,,,追試【税務グループ】第１回考査,,公認会計士会館
東京,J1,2021/9/10,金,10:00,2021/9/10,金,19:30,1,,経営,102,ビジネスゲーム（日帰研修）,,ホール１
東京,J1,2021/9/10,金,10:00,2021/9/10,金,19:30,2,,経営,102,ビジネスゲーム（日帰研修）,,ホール１
東京,J1,2021/9/10,金,10:00,2021/9/10,金,19:30,3,,経営,102,ビジネスゲーム（日帰研修）,,ホール１
東京,J1,2021/9/10,金,10:00,2021/9/10,金,19:30,4,,経営,102,ビジネスゲーム（日帰研修）,,ホール１
東京,J1,2021/9/10,金,10:00,2021/9/10,金,19:30,5,,経営,102,ビジネスゲーム（日帰研修）,,ホール２
東京,J1,2021/9/10,金,10:00,2021/9/10,金,19:30,6,,経営,102,ビジネスゲーム（日帰研修）,,ホール２
東京,J1,2021/9/10,金,10:00,2021/9/10,金,19:30,7,,経営,102,ビジネスゲーム（日帰研修）,,ホール２
東京,J1,2021/9/10,金,10:00,2021/9/10,金,19:30,8,,経営,102,ビジネスゲーム（日帰研修）,,ホール２
東京,J1,2021/9/11,土,10:00,2021/9/11,土,19:30,9,,経営,102,ビジネスゲーム（日帰研修）,,ホール１
東京,J1,2021/9/11,土,10:00,2021/9/11,土,19:30,10,,経営,102,ビジネスゲーム（日帰研修）,,ホール１
東京,J1,2021/9/11,土,10:00,2021/9/11,土,19:30,11,,経営,102,ビジネスゲーム（日帰研修）,,ホール１
東京,J1,2021/9/11,土,10:00,2021/9/11,土,19:30,12,,経営,102,ビジネスゲーム（日帰研修）,,ホール１
東京,J1,2021/9/11,土,10:00,2021/9/11,土,19:30,41,,経営,102,ビジネスゲーム（日帰研修）,,ホール１
東京,J1,2021/9/11,土,10:00,2021/9/11,土,19:30,13,,経営,102,ビジネスゲーム（日帰研修）,,ホール２
東京,J1,2021/9/11,土,10:00,2021/9/11,土,19:30,14,,経営,102,ビジネスゲーム（日帰研修）,,ホール２
東京,J1,2021/9/11,土,10:00,2021/9/11,土,19:30,15,,経営,102,ビジネスゲーム（日帰研修）,,ホール２
東京,J1,2021/9/11,土,10:00,2021/9/11,土,19:30,16,,経営,102,ビジネスゲーム（日帰研修）,,ホール２
東京,J1,2021/9/12,日,10:00,2021/9/12,日,19:30,17,,経営,102,ビジネスゲーム（日帰研修）,,ホール１
東京,J1,2021/9/12,日,10:00,2021/9/12,日,19:30,18,,経営,102,ビジネスゲーム（日帰研修）,,ホール１
東京,J1,2021/9/12,日,10:00,2021/9/12,日,19:30,19,,経営,102,ビジネスゲーム（日帰研修）,,ホール１
東京,J1,2021/9/12,日,10:00,2021/9/12,日,19:30,20,,経営,102,ビジネスゲーム（日帰研修）,,ホール１
東京,J1,2021/9/12,日,10:00,2021/9/12,日,19:30,42,,経営,102,ビジネスゲーム（日帰研修）,,ホール１
東京,J1,2021/9/12,日,10:00,2021/9/12,日,19:30,21,,経営,102,ビジネスゲーム（日帰研修）,,ホール２
東京,J1,2021/9/12,日,10:00,2021/9/12,日,19:30,22,,経営,102,ビジネスゲーム（日帰研修）,,ホール２
東京,J1,2021/9/12,日,10:00,2021/9/12,日,19:30,23,,経営,102,ビジネスゲーム（日帰研修）,,ホール２
東京,J1,2021/9/12,日,10:00,2021/9/12,日,19:30,24,,経営,102,ビジネスゲーム（日帰研修）,,ホール２
東京,J1,2021/9/13,月,10:00,2021/9/13,月,19:30,25,,経営,102,ビジネスゲーム（日帰研修）,,ホール１
東京,J1,2021/9/13,月,10:00,2021/9/13,月,19:30,26,,経営,102,ビジネスゲーム（日帰研修）,,ホール１
東京,J1,2021/9/13,月,10:00,2021/9/13,月,19:30,27,,経営,102,ビジネスゲーム（日帰研修）,,ホール１
東京,J1,2021/9/13,月,10:00,2021/9/13,月,19:30,28,,経営,102,ビジネスゲーム（日帰研修）,,ホール１
東京,J1,2021/9/13,月,10:00,2021/9/13,月,19:30,29,,経営,102,ビジネスゲーム（日帰研修）,,ホール２
東京,J1,2021/9/13,月,10:00,2021/9/13,月,19:30,30,,経営,102,ビジネスゲーム（日帰研修）,,ホール２
東京,J1,2021/9/13,月,10:00,2021/9/13,月,19:30,31,,経営,102,ビジネスゲーム（日帰研修）,,ホール２
東京,J1,2021/9/13,月,10:00,2021/9/13,月,19:30,32,,経営,102,ビジネスゲーム（日帰研修）,,ホール２
東京,J1,2021/9/14,火,10:00,2021/9/14,火,19:30,33,,経営,102,ビジネスゲーム（日帰研修）,,ホール１
東京,J1,2021/9/14,火,10:00,2021/9/14,火,19:30,34,,経営,102,ビジネスゲーム（日帰研修）,,ホール１
東京,J1,2021/9/14,火,10:00,2021/9/14,火,19:30,35,,経営,102,ビジネスゲーム（日帰研修）,,ホール１
東京,J1,2021/9/14,火,10:00,2021/9/14,火,19:30,36,,経営,102,ビジネスゲーム（日帰研修）,,ホール１
東京,J1,2021/9/14,火,10:00,2021/9/14,火,19:30,37,,経営,102,ビジネスゲーム（日帰研修）,,ホール２
東京,J1,2021/9/14,火,10:00,2021/9/14,火,19:30,38,,経営,102,ビジネスゲーム（日帰研修）,,ホール２
東京,J1,2021/9/14,火,10:00,2021/9/14,火,19:30,39,,経営,102,ビジネスゲーム（日帰研修）,,ホール２
東京,J1,2021/9/14,火,10:00,2021/9/14,火,19:30,40,,経営,102,ビジネスゲーム（日帰研修）,,ホール２
東京・全支所,J2,2020/11/28,土,10:00,2020/11/28,土,19:30,事前エントリー,,経営,102,ビジネスゲーム,運営委員,ホール１
東京・全支所,J2,2020/11/28,土,10:00,2020/11/28,土,19:30,事前エントリー,,経営,102,ビジネスゲーム,運営委員,ホール２
東京・全支所,J2,2020/11/29,日,10:00,2020/11/29,日,19:30,事前エントリー,,経営,102,ビジネスゲーム,運営委員,ホール１
東京・全支所,J2,2020/11/29,日,10:00,2020/11/29,日,19:30,事前エントリー,,経営,102,ビジネスゲーム,運営委員,ホール２
東京,J2,2020/12/5,土,9:00,2020/12/5,土,12:00,事前エントリー,,会計,233,税金・税効果【その１】,赤津 登美子,ホール１
東京,J2,2020/12/5,土,13:00,2020/12/5,土,16:00,事前エントリー,,会計,233,税金・税効果【その２】,赤津 登美子,ホール１
東京,J2,2020/12/5,土,16:10,2020/12/5,土,19:10,事前エントリー,,監査,205,監査の結論及び報告【ゼミナール】,運営委員,ホール１
東京,J2,2020/12/5,土,16:10,2020/12/5,土,19:10,事前エントリー,,監査,205,監査の結論及び報告【ゼミナール】,運営委員,ホール２
東京,J2,2020/12/6,日,9:00,2020/12/6,日,12:00,事前エントリー,,監査,205,監査の結論及び報告,髙橋 賢,ホール１
東京,J2,2020/12/6,日,13:00,2020/12/6,日,16:00,事前エントリー,,監査,205,監査の結論及び報告【ゼミナール】,運営委員,ホール１
東京,J2,2020/12/6,日,13:00,2020/12/6,日,16:00,事前エントリー,,監査,205,監査の結論及び報告【ゼミナール】,運営委員,ホール２
東京,J2,2020/12/6,日,16:10,2020/12/6,日,19:10,事前エントリー,,監査,205,監査の結論及び報告【ゼミナール】,運営委員,ホール１
東京,J2,2020/12/6,日,16:10,2020/12/6,日,19:10,事前エントリー,,監査,205,監査の結論及び報告【ゼミナール】,運営委員,ホール２
東京,J2,2020/12/12,土,9:00,2020/12/6,日,12:00,事前エントリー,,経営,103,企業におけるリスク管理,久禮 由敬,アルカディア市ヶ谷
東京・全支所,J2,2020/12/19,土,10:00,2020/12/19,土,19:30,事前エントリー,,経営,102,ビジネスゲーム,運営委員,ホール１
東京・全支所,J2,2020/12/19,土,10:00,2020/12/19,土,19:30,事前エントリー,,経営,102,ビジネスゲーム,運営委員,ホール２
東京・全支所,J2,2020/12/20,日,10:00,2020/12/20,日,19:30,事前エントリー,,経営,102,ビジネスゲーム,運営委員,ホール１
東京・全支所,J2,2020/12/20,日,10:00,2020/12/20,日,19:30,事前エントリー,,経営,102,ビジネスゲーム,運営委員,ホール２
東京,J2,2021/1/15,金,18:00,2021/1/15,金,21:00,事前エントリー,,経営,103,企業におけるリスク管理【ゼミナール】,運営委員,Microsoft Teams
東京,J2,2021/1/23,土,9:00,2021/1/23,土,12:00,事前エントリー,,経営,103,企業におけるリスク管理【ゼミナール】,運営委員,Microsoft Teams
東京,J2,2021/1/23,土,13:00,2021/1/23,土,16:00,事前エントリー,,経営,103,企業におけるリスク管理【ゼミナール】,運営委員,Microsoft Teams
東京,J2,2021/1/24,日,9:00,2021/1/24,日,12:00,事前エントリー,,経営,103,企業におけるリスク管理【ゼミナール】,運営委員,Microsoft Teams
東京,J2,2021/1/24,日,13:00,2021/1/24,日,16:00,事前エントリー,,経営,103,企業におけるリスク管理【ゼミナール】,運営委員,Microsoft Teams
東京,J2,2021/2/2,火,18:00,2021/2/2,火,21:00,,1,,,経営分析総論【ゼミナール】,運営委員,ホール１
東京,J2,2021/2/2,火,18:00,2021/2/2,火,21:00,,2,,,経営分析総論【ゼミナール】,運営委員,ホール１
東京,J2,2021/2/2,火,18:00,2021/2/2,火,21:00,,3,,,経営分析総論【ゼミナール】,運営委員,ホール１
東京,J2,2021/2/2,火,18:00,2021/2/2,火,21:00,,4,,,経営分析総論【ゼミナール】,運営委員,ホール１
東京,J2,2021/2/2,火,18:00,2021/2/2,火,21:00,,5,,,経営分析総論【ゼミナール】,運営委員,ホール２
東京,J2,2021/2/2,火,18:00,2021/2/2,火,21:00,,6,,,経営分析総論【ゼミナール】,運営委員,ホール２
東京,J2,2021/2/2,火,18:00,2021/2/2,火,21:00,,7,,,経営分析総論【ゼミナール】,運営委員,ホール２
東京,J2,2021/2/2,火,18:00,2021/2/2,火,21:00,,8,,,経営分析総論【ゼミナール】,運営委員,ホール２
東京,J2,2021/2/3,水,18:00,2021/2/3,水,21:00,,17,,,経営分析総論【ゼミナール】,運営委員,ホール１
東京,J2,2021/2/3,水,18:00,2021/2/3,水,21:00,,18,,,経営分析総論【ゼミナール】,運営委員,ホール１
東京,J2,2021/2/3,水,18:00,2021/2/3,水,21:00,,19,,,経営分析総論【ゼミナール】,運営委員,ホール１
東京,J2,2021/2/3,水,18:00,2021/2/3,水,21:00,,20,,,経営分析総論【ゼミナール】,運営委員,ホール１
東京,J2,2021/2/3,水,18:00,2021/2/3,水,21:00,,21,,,経営分析総論【ゼミナール】,運営委員,ホール２
東京,J2,2021/2/3,水,18:00,2021/2/3,水,21:00,,22,,,経営分析総論【ゼミナール】,運営委員,ホール２
東京,J2,2021/2/3,水,18:00,2021/2/3,水,21:00,,23,,,経営分析総論【ゼミナール】,運営委員,ホール２
東京,J2,2021/2/3,水,18:00,2021/2/3,水,21:00,,24,,,経営分析総論【ゼミナール】,運営委員,ホール２
東京,J2,2021/2/4,木,18:00,2021/2/4,木,21:00,,25,,,経営分析総論【ゼミナール】,運営委員,ホール１
東京,J2,2021/2/4,木,18:00,2021/2/4,木,21:00,,26,,,経営分析総論【ゼミナール】,運営委員,ホール１
東京,J2,2021/2/4,木,18:00,2021/2/4,木,21:00,,27,,,経営分析総論【ゼミナール】,運営委員,ホール１
東京,J2,2021/2/4,木,18:00,2021/2/4,木,21:00,,28,,,経営分析総論【ゼミナール】,運営委員,ホール１
東京,J2,2021/2/4,木,18:00,2021/2/4,木,21:00,,29,,,経営分析総論【ゼミナール】,運営委員,ホール２
東京,J2,2021/2/4,木,18:00,2021/2/4,木,21:00,,30,,,経営分析総論【ゼミナール】,運営委員,ホール２
東京,J2,2021/2/4,木,18:00,2021/2/4,木,21:00,,31,,,経営分析総論【ゼミナール】,運営委員,ホール２
東京,J2,2021/2/4,木,18:00,2021/2/4,木,21:00,,32,,,経営分析総論【ゼミナール】,運営委員,ホール２
東京,J2,2021/2/5,金,18:00,2021/2/5,金,21:00,,33,,,経営分析総論【ゼミナール】,運営委員,ホール１
東京,J2,2021/2/5,金,18:00,2021/2/5,金,21:00,,34,,,経営分析総論【ゼミナール】,運営委員,ホール１
東京,J2,2021/2/5,金,18:00,2021/2/5,金,21:00,,35,,,経営分析総論【ゼミナール】,運営委員,ホール１
東京,J2,2021/2/5,金,18:00,2021/2/5,金,21:00,,36,,,経営分析総論【ゼミナール】,運営委員,ホール１
東京,J2,2021/2/5,金,18:00,2021/2/5,金,21:00,,37,,,経営分析総論【ゼミナール】,運営委員,ホール２
東京,J2,2021/2/5,金,18:00,2021/2/5,金,21:00,,38,,,経営分析総論【ゼミナール】,運営委員,ホール２
東京,J2,2021/2/5,金,18:00,2021/2/5,金,21:00,,39,,,経営分析総論【ゼミナール】,運営委員,ホール２
東京,J2,2021/2/5,金,18:00,2021/2/5,金,21:00,,40,,,経営分析総論【ゼミナール】,運営委員,ホール２
東京,J2,2021/2/6,土,9:00,2021/2/6,土,12:00,,9,,,経営分析総論【ゼミナール】,運営委員,ホール１
東京,J2,2021/2/6,土,9:00,2021/2/6,土,12:00,,10,,,経営分析総論【ゼミナール】,運営委員,ホール１
東京,J2,2021/2/6,土,9:00,2021/2/6,土,12:00,,11,,,経営分析総論【ゼミナール】,運営委員,ホール１
東京,J2,2021/2/6,土,9:00,2021/2/6,土,12:00,,12,,,経営分析総論【ゼミナール】,運営委員,ホール１
東京,J2,2021/2/6,土,9:00,2021/2/6,土,12:00,,41,,,経営分析総論【ゼミナール】,運営委員,ホール１
東京,J2,2021/2/6,土,9:00,2021/2/6,土,12:00,,13,,,経営分析総論【ゼミナール】,運営委員,ホール２
東京,J2,2021/2/6,土,9:00,2021/2/6,土,12:00,,14,,,経営分析総論【ゼミナール】,運営委員,ホール２
東京,J2,2021/2/6,土,9:00,2021/2/6,土,12:00,,15,,,経営分析総論【ゼミナール】,運営委員,ホール２
東京,J2,2021/2/6,土,9:00,2021/2/6,土,12:00,,16,,,経営分析総論【ゼミナール】,運営委員,ホール２
東京,J2,2021/2/6,土,9:00,2021/2/6,土,12:00,,42,,,経営分析総論【ゼミナール】,運営委員,ホール２
東京,J2,2021/2/9,火,18:00,2021/2/9,火,21:00,,1,,,販売【ゼミナール】,運営委員,ホール１
東京,J2,2021/2/9,火,18:00,2021/2/9,火,21:00,,2,,,販売【ゼミナール】,運営委員,ホール１
東京,J2,2021/2/9,火,18:00,2021/2/9,火,21:00,,3,,,販売【ゼミナール】,運営委員,ホール１
東京,J2,2021/2/9,火,18:00,2021/2/9,火,21:00,,4,,,販売【ゼミナール】,運営委員,ホール１
東京,J2,2021/2/9,火,18:00,2021/2/9,火,21:00,,5,,,販売【ゼミナール】,運営委員,ホール２
東京,J2,2021/2/9,火,18:00,2021/2/9,火,21:00,,6,,,販売【ゼミナール】,運営委員,ホール２
東京,J2,2021/2/9,火,18:00,2021/2/9,火,21:00,,7,,,販売【ゼミナール】,運営委員,ホール２
東京,J2,2021/2/9,火,18:00,2021/2/9,火,21:00,,8,,,販売【ゼミナール】,運営委員,ホール２
東京,J2,2021/2/10,水,18:00,2021/2/10,水,21:00,,9,,,販売【ゼミナール】,運営委員,ホール１
東京,J2,2021/2/10,水,18:00,2021/2/10,水,21:00,,10,,,販売【ゼミナール】,運営委員,ホール１
東京,J2,2021/2/10,水,18:00,2021/2/10,水,21:00,,11,,,販売【ゼミナール】,運営委員,ホール１
東京,J2,2021/2/10,水,18:00,2021/2/10,水,21:00,,12,,,販売【ゼミナール】,運営委員,ホール１
東京,J2,2021/2/10,水,18:00,2021/2/10,水,21:00,,13,,,販売【ゼミナール】,運営委員,ホール２
東京,J2,2021/2/10,水,18:00,2021/2/10,水,21:00,,14,,,販売【ゼミナール】,運営委員,ホール２
東京,J2,2021/2/10,水,18:00,2021/2/10,水,21:00,,15,,,販売【ゼミナール】,運営委員,ホール２
東京,J2,2021/2/10,水,18:00,2021/2/10,水,21:00,,16,,,販売【ゼミナール】,運営委員,ホール２
東京,J2,2021/2/11,木,9:00,2021/2/11,木,12:00,,17,,,販売【ゼミナール】,運営委員,ホール１
東京,J2,2021/2/11,木,9:00,2021/2/11,木,12:00,,18,,,販売【ゼミナール】,運営委員,ホール１
東京,J2,2021/2/11,木,9:00,2021/2/11,木,12:00,,19,,,販売【ゼミナール】,運営委員,ホール１
東京,J2,2021/2/11,木,9:00,2021/2/11,木,12:00,,20,,,販売【ゼミナール】,運営委員,ホール１
東京,J2,2021/2/11,木,9:00,2021/2/11,木,12:00,,41,,,販売【ゼミナール】,運営委員,ホール１
東京,J2,2021/2/11,木,9:00,2021/2/11,木,12:00,,21,,,販売【ゼミナール】,運営委員,ホール２
東京,J2,2021/2/11,木,9:00,2021/2/11,木,12:00,,22,,,販売【ゼミナール】,運営委員,ホール２
東京,J2,2021/2/11,木,9:00,2021/2/11,木,12:00,,23,,,販売【ゼミナール】,運営委員,ホール２
東京,J2,2021/2/11,木,9:00,2021/2/11,木,12:00,,24,,,販売【ゼミナール】,運営委員,ホール２
東京,J2,2021/2/11,木,9:00,2021/2/11,木,12:00,,42,,,販売【ゼミナール】,運営委員,ホール２
東京,J2,2021/2/11,木,13:00,2021/2/11,木,16:00,,25,,,販売【ゼミナール】,運営委員,ホール１
東京,J2,2021/2/11,木,13:00,2021/2/11,木,16:00,,26,,,販売【ゼミナール】,運営委員,ホール１
東京,J2,2021/2/11,木,13:00,2021/2/11,木,16:00,,27,,,販売【ゼミナール】,運営委員,ホール１
東京,J2,2021/2/11,木,13:00,2021/2/11,木,16:00,,28,,,販売【ゼミナール】,運営委員,ホール１
東京,J2,2021/2/11,木,13:00,2021/2/11,木,16:00,,29,,,販売【ゼミナール】,運営委員,ホール２
東京,J2,2021/2/11,木,13:00,2021/2/11,木,16:00,,30,,,販売【ゼミナール】,運営委員,ホール２
東京,J2,2021/2/11,木,13:00,2021/2/11,木,16:00,,31,,,販売【ゼミナール】,運営委員,ホール２
東京,J2,2021/2/11,木,13:00,2021/2/11,木,16:00,,32,,,販売【ゼミナール】,運営委員,ホール２
東京,J2,2021/2/12,金,18:00,2021/2/12,金,21:00,,33,,,販売【ゼミナール】,運営委員,ホール１
東京,J2,2021/2/12,金,18:00,2021/2/12,金,21:00,,34,,,販売【ゼミナール】,運営委員,ホール１
東京,J2,2021/2/12,金,18:00,2021/2/12,金,21:00,,35,,,販売【ゼミナール】,運営委員,ホール１
東京,J2,2021/2/12,金,18:00,2021/2/12,金,21:00,,36,,,販売【ゼミナール】,運営委員,ホール１
東京,J2,2021/2/12,金,18:00,2021/2/12,金,21:00,,37,,,販売【ゼミナール】,運営委員,ホール２
東京,J2,2021/2/12,金,18:00,2021/2/12,金,21:00,,38,,,販売【ゼミナール】,運営委員,ホール２
東京,J2,2021/2/12,金,18:00,2021/2/12,金,21:00,,39,,,販売【ゼミナール】,運営委員,ホール２
東京,J2,2021/2/12,金,18:00,2021/2/12,金,21:00,,40,,,販売【ゼミナール】,運営委員,ホール２
東京・全支所,J2,2021/2/28,日,9:50,2021/2/28,日,12:00,,,,,【監査総合グループ】考査⑦,運営委員,協会・外部
東京,J2,2021/5/15,土,9:00,2021/5/15,土,12:00,,1,監査,334,固定資産【ゼミナール】,運営委員,ホール１
東京,J2,2021/5/15,土,9:00,2021/5/15,土,12:00,,2,監査,334,固定資産【ゼミナール】,運営委員,ホール１
東京,J2,2021/5/15,土,9:00,2021/5/15,土,12:00,,3,監査,334,固定資産【ゼミナール】,運営委員,ホール１
東京,J2,2021/5/15,土,9:00,2021/5/15,土,12:00,,4,監査,334,固定資産【ゼミナール】,運営委員,ホール１
東京,J2,2021/5/15,土,9:00,2021/5/15,土,12:00,,5,監査,334,固定資産【ゼミナール】,運営委員,ホール２
東京,J2,2021/5/15,土,9:00,2021/5/15,土,12:00,,6,監査,334,固定資産【ゼミナール】,運営委員,ホール２
東京,J2,2021/5/15,土,9:00,2021/5/15,土,12:00,,7,監査,334,固定資産【ゼミナール】,運営委員,ホール２
東京,J2,2021/5/15,土,9:00,2021/5/15,土,12:00,,8,監査,334,固定資産【ゼミナール】,運営委員,ホール２
東京,J2,2021/5/15,土,9:00,2021/5/15,土,12:00,,9,監査,334,固定資産【ゼミナール】,運営委員,402会議室
東京,J2,2021/5/15,土,9:00,2021/5/15,土,12:00,,10,監査,334,固定資産【ゼミナール】,運営委員,403会議室
東京,J2,2021/5/15,土,9:00,2021/5/15,土,12:00,,11,監査,334,固定資産【ゼミナール】,運営委員,404会議室
東京,J2,2021/5/15,土,13:00,2021/5/15,土,16:00,,12,監査,334,固定資産【ゼミナール】,運営委員,ホール１
東京,J2,2021/5/15,土,13:00,2021/5/15,土,16:00,,13,監査,334,固定資産【ゼミナール】,運営委員,ホール１
東京,J2,2021/5/15,土,13:00,2021/5/15,土,16:00,,14,監査,334,固定資産【ゼミナール】,運営委員,ホール１
東京,J2,2021/5/15,土,13:00,2021/5/15,土,16:00,,15,監査,334,固定資産【ゼミナール】,運営委員,ホール１
東京,J2,2021/5/15,土,13:00,2021/5/15,土,16:00,,16,監査,334,固定資産【ゼミナール】,運営委員,ホール２
東京,J2,2021/5/15,土,13:00,2021/5/15,土,16:00,,17,監査,334,固定資産【ゼミナール】,運営委員,ホール２
東京,J2,2021/5/15,土,13:00,2021/5/15,土,16:00,,18,監査,334,固定資産【ゼミナール】,運営委員,ホール２
東京,J2,2021/5/15,土,13:00,2021/5/15,土,16:00,,19,監査,334,固定資産【ゼミナール】,運営委員,ホール２
東京,J2,2021/5/15,土,13:00,2021/5/15,土,16:00,,20,監査,334,固定資産【ゼミナール】,運営委員,402会議室
東京,J2,2021/5/15,土,13:00,2021/5/15,土,16:00,,21,監査,334,固定資産【ゼミナール】,運営委員,403会議室
東京,J2,2021/5/15,土,13:00,2021/5/15,土,16:00,,22,監査,334,固定資産【ゼミナール】,運営委員,404会議室
東京,J2,2021/5/16,日,9:00,2021/5/16,日,12:00,,23,監査,334,固定資産【ゼミナール】,運営委員,ホール１
東京,J2,2021/5/16,日,9:00,2021/5/16,日,12:00,,24,監査,334,固定資産【ゼミナール】,運営委員,ホール１
東京,J2,2021/5/16,日,9:00,2021/5/16,日,12:00,,25,監査,334,固定資産【ゼミナール】,運営委員,ホール１
東京,J2,2021/5/16,日,9:00,2021/5/16,日,12:00,,26,監査,334,固定資産【ゼミナール】,運営委員,ホール１
東京,J2,2021/5/16,日,9:00,2021/5/16,日,12:00,,27,監査,334,固定資産【ゼミナール】,運営委員,ホール２
東京,J2,2021/5/16,日,9:00,2021/5/16,日,12:00,,28,監査,334,固定資産【ゼミナール】,運営委員,ホール２
東京,J2,2021/5/16,日,9:00,2021/5/16,日,12:00,,29,監査,334,固定資産【ゼミナール】,運営委員,ホール２
東京,J2,2021/5/16,日,9:00,2021/5/16,日,12:00,,30,監査,334,固定資産【ゼミナール】,運営委員,ホール２
東京,J2,2021/5/16,日,9:00,2021/5/16,日,12:00,,31,監査,334,固定資産【ゼミナール】,運営委員,402会議室
東京,J2,2021/5/16,日,9:00,2021/5/16,日,12:00,,32,監査,334,固定資産【ゼミナール】,運営委員,403会議室
東京,J2,2021/5/16,日,9:00,2021/5/16,日,12:00,,33,監査,334,固定資産【ゼミナール】,運営委員,404会議室
東京,J2,2021/5/16,日,13:00,2021/5/16,日,16:00,,34,監査,334,固定資産【ゼミナール】,運営委員,ホール１
東京,J2,2021/5/16,日,13:00,2021/5/16,日,16:00,,35,監査,334,固定資産【ゼミナール】,運営委員,ホール１
東京,J2,2021/5/16,日,13:00,2021/5/16,日,16:00,,36,監査,334,固定資産【ゼミナール】,運営委員,ホール１
東京,J2,2021/5/16,日,13:00,2021/5/16,日,16:00,,37,監査,334,固定資産【ゼミナール】,運営委員,ホール１
東京,J2,2021/5/16,日,13:00,2021/5/16,日,16:00,,38,監査,334,固定資産【ゼミナール】,運営委員,ホール２
東京,J2,2021/5/16,日,13:00,2021/5/16,日,16:00,,39,監査,334,固定資産【ゼミナール】,運営委員,ホール２
東京,J2,2021/5/16,日,13:00,2021/5/16,日,16:00,,40,監査,334,固定資産【ゼミナール】,運営委員,ホール２
東京,J2,2021/5/16,日,13:00,2021/5/16,日,16:00,,41,監査,334,固定資産【ゼミナール】,運営委員,ホール２
東京,J2,2021/5/16,日,13:00,2021/5/16,日,16:00,,42,監査,334,固定資産【ゼミナール】,運営委員,402会議室
東京,J2,2021/5/29,土,13:00,2021/5/16,日,16:00,事前エントリー,,経営,406,業務処理統制及び全般統制の実務演習,佐藤 茂,ホール１
東京,J2,2021/6/12,土,9:00,2021/6/12,土,12:00,事前エントリー,,特別,204,財務報告の概念フレームワーク【ゼミナール】,運営委員,ホール１
東京,J2,2021/6/12,土,9:00,2021/6/12,土,12:00,事前エントリー,,特別,204,財務報告の概念フレームワーク【ゼミナール】,運営委員,ホール２
東京,J2,2021/6/12,土,9:00,2021/6/12,土,12:00,事前エントリー,,特別,204,財務報告の概念フレームワーク【ゼミナール】,運営委員,402会議室
東京,J2,2021/6/12,土,9:00,2021/6/12,土,12:00,事前エントリー,,特別,204,財務報告の概念フレームワーク【ゼミナール】,運営委員,403会議室
東京,J2,2021/6/12,土,9:00,2021/6/12,土,12:00,事前エントリー,,特別,204,財務報告の概念フレームワーク【ゼミナール】,運営委員,404会議室
東京,J2,2021/6/27,日,,2021/6/27,日,,,1,会計,201,連結財務諸表作成実務（日帰研修）,運営委員,TKP日本橋
東京,J2,2021/6/27,日,,2021/6/27,日,,,2,会計,201,連結財務諸表作成実務（日帰研修）,運営委員,TKP日本橋
東京,J2,2021/6/27,日,,2021/6/27,日,,,3,会計,201,連結財務諸表作成実務（日帰研修）,運営委員,TKP日本橋
東京,J2,2021/6/27,日,,2021/6/27,日,,,4,会計,201,連結財務諸表作成実務（日帰研修）,運営委員,TKP日本橋
東京,J2,2021/6/27,日,,2021/6/27,日,,,5,会計,201,連結財務諸表作成実務（日帰研修）,運営委員,TKP日本橋
東京,J2,2021/6/27,日,,2021/6/27,日,,,6,会計,201,連結財務諸表作成実務（日帰研修）,運営委員,TKP日本橋
東京,J2,2021/6/27,日,,2021/6/27,日,,,7,会計,201,連結財務諸表作成実務（日帰研修）,運営委員,TKP日本橋
東京,J2,2021/6/27,日,,2021/6/27,日,,,8,会計,201,連結財務諸表作成実務（日帰研修）,運営委員,TKP日本橋
東京,J2,2021/6/27,日,,2021/6/27,日,,,9,会計,201,連結財務諸表作成実務（日帰研修）,運営委員,TKP日本橋
東京,J2,2021/6/27,日,,2021/6/27,日,,,10,会計,201,連結財務諸表作成実務（日帰研修）,運営委員,TKP日本橋
東京,J2,2021/6/27,日,,2021/6/27,日,,,41,会計,201,連結財務諸表作成実務（日帰研修）,運営委員,TKP日本橋
東京,J2,2021/6/27,日,,2021/6/27,日,,,42,会計,201,連結財務諸表作成実務（日帰研修）,運営委員,TKP日本橋
東京,J2,2021/6/28,月,,2021/6/28,月,,,11,会計,201,連結財務諸表作成実務（日帰研修）,運営委員,TKP日本橋
東京,J2,2021/6/28,月,,2021/6/28,月,,,12,会計,201,連結財務諸表作成実務（日帰研修）,運営委員,TKP日本橋
東京,J2,2021/6/28,月,,2021/6/28,月,,,13,会計,201,連結財務諸表作成実務（日帰研修）,運営委員,TKP日本橋
東京,J2,2021/6/28,月,,2021/6/28,月,,,14,会計,201,連結財務諸表作成実務（日帰研修）,運営委員,TKP日本橋
東京,J2,2021/6/28,月,,2021/6/28,月,,,15,会計,201,連結財務諸表作成実務（日帰研修）,運営委員,TKP日本橋
東京,J2,2021/6/28,月,,2021/6/28,月,,,16,会計,201,連結財務諸表作成実務（日帰研修）,運営委員,TKP日本橋
東京,J2,2021/6/28,月,,2021/6/28,月,,,17,会計,201,連結財務諸表作成実務（日帰研修）,運営委員,TKP日本橋
東京,J2,2021/6/28,月,,2021/6/28,月,,,18,会計,201,連結財務諸表作成実務（日帰研修）,運営委員,TKP日本橋
東京,J2,2021/6/28,月,,2021/6/28,月,,,19,会計,201,連結財務諸表作成実務（日帰研修）,運営委員,TKP日本橋
東京,J2,2021/6/28,月,,2021/6/28,月,,,20,会計,201,連結財務諸表作成実務（日帰研修）,運営委員,TKP日本橋
東京,J2,2021/6/28,月,,2021/6/28,月,,,21,会計,201,連結財務諸表作成実務（日帰研修）,運営委員,TKP日本橋
東京,J2,2021/6/28,月,,2021/6/28,月,,,22,会計,201,連結財務諸表作成実務（日帰研修）,運営委員,TKP日本橋
東京,J2,2021/6/28,月,,2021/6/28,月,,,23,会計,201,連結財務諸表作成実務（日帰研修）,運営委員,TKP日本橋
東京,J2,2021/6/28,月,,2021/6/28,月,,,24,会計,201,連結財務諸表作成実務（日帰研修）,運営委員,TKP日本橋
東京,J2,2021/6/28,月,,2021/6/28,月,,,25,会計,201,連結財務諸表作成実務（日帰研修）,運営委員,TKP日本橋
東京,J2,2021/6/29,火,,2021/6/29,火,,,26,会計,201,連結財務諸表作成実務（日帰研修）,運営委員,TKP日本橋
東京,J2,2021/6/29,火,,2021/6/29,火,,,27,会計,201,連結財務諸表作成実務（日帰研修）,運営委員,TKP日本橋
東京,J2,2021/6/29,火,,2021/6/29,火,,,28,会計,201,連結財務諸表作成実務（日帰研修）,運営委員,TKP日本橋
東京,J2,2021/6/29,火,,2021/6/29,火,,,29,会計,201,連結財務諸表作成実務（日帰研修）,運営委員,TKP日本橋
東京,J2,2021/6/29,火,,2021/6/29,火,,,30,会計,201,連結財務諸表作成実務（日帰研修）,運営委員,TKP日本橋
東京,J2,2021/6/29,火,,2021/6/29,火,,,31,会計,201,連結財務諸表作成実務（日帰研修）,運営委員,TKP日本橋
東京,J2,2021/6/29,火,,2021/6/29,火,,,32,会計,201,連結財務諸表作成実務（日帰研修）,運営委員,TKP日本橋
東京,J2,2021/6/29,火,,2021/6/29,火,,,33,会計,201,連結財務諸表作成実務（日帰研修）,運営委員,TKP日本橋
東京,J2,2021/6/29,火,,2021/6/29,火,,,34,会計,201,連結財務諸表作成実務（日帰研修）,運営委員,TKP日本橋
東京,J2,2021/6/29,火,,2021/6/29,火,,,35,会計,201,連結財務諸表作成実務（日帰研修）,運営委員,TKP日本橋
東京,J2,2021/6/29,火,,2021/6/29,火,,,36,会計,201,連結財務諸表作成実務（日帰研修）,運営委員,TKP日本橋
東京,J2,2021/6/29,火,,2021/6/29,火,,,37,会計,201,連結財務諸表作成実務（日帰研修）,運営委員,TKP日本橋
東京,J2,2021/6/29,火,,2021/6/29,火,,,38,会計,201,連結財務諸表作成実務（日帰研修）,運営委員,TKP日本橋
東京,J2,2021/6/29,火,,2021/6/29,火,,,39,会計,201,連結財務諸表作成実務（日帰研修）,運営委員,TKP日本橋
東京,J2,2021/6/29,火,,2021/6/29,火,,,40,会計,201,連結財務諸表作成実務（日帰研修）,運営委員,TKP日本橋
東京・全支所,J2,2021/7/18,日,13:20,2021/2/28,日,15:30,,,,,【税務グループ】第２回考査,運営委員,公認会計士会館・青山学院大学
東京,J2,2021/8/21,土,13:00,2021/8/21,土,16:00,,41,法規・倫理,501,ディスカッション【その３】,運営委員,402会議室
東京,J2,2021/8/21,土,13:00,2021/8/21,土,16:00,,42,法規・倫理,501,ディスカッション【その３】,運営委員,403会議室
東京・全支所,J2,2021/8/22,日,9:50,2021/8/22,日,12:00,,,,,追試【監査総合グループ】第７回考査,運営委員,公認会計士会館
東京,J2,2021/8/30,月,18:00,2021/8/30,月,21:00,,1,法規・倫理,501,ディスカッション【その３】,運営委員,ホール１
東京,J2,2021/8/30,月,18:00,2021/8/30,月,21:00,,2,法規・倫理,501,ディスカッション【その３】,運営委員,ホール１
東京,J2,2021/8/30,月,18:00,2021/8/30,月,21:00,,3,法規・倫理,501,ディスカッション【その３】,運営委員,ホール１
東京,J2,2021/8/30,月,18:00,2021/8/30,月,21:00,,4,法規・倫理,501,ディスカッション【その３】,運営委員,ホール１
東京,J2,2021/8/30,月,18:00,2021/8/30,月,21:00,,5,法規・倫理,501,ディスカッション【その３】,運営委員,ホール２
東京,J2,2021/8/30,月,18:00,2021/8/30,月,21:00,,6,法規・倫理,501,ディスカッション【その３】,運営委員,ホール２
東京,J2,2021/8/30,月,18:00,2021/8/30,月,21:00,,7,法規・倫理,501,ディスカッション【その３】,運営委員,ホール２
東京,J2,2021/8/30,月,18:00,2021/8/30,月,21:00,,8,法規・倫理,501,ディスカッション【その３】,運営委員,ホール２
東京,J2,2021/8/31,火,18:00,2021/8/31,火,21:00,,9,法規・倫理,501,ディスカッション【その３】,運営委員,ホール１
東京,J2,2021/8/31,火,18:00,2021/8/31,火,21:00,,10,法規・倫理,501,ディスカッション【その３】,運営委員,ホール１
東京,J2,2021/8/31,火,18:00,2021/8/31,火,21:00,,11,法規・倫理,501,ディスカッション【その３】,運営委員,ホール１
東京,J2,2021/8/31,火,18:00,2021/8/31,火,21:00,,12,法規・倫理,501,ディスカッション【その３】,運営委員,ホール１
東京,J2,2021/8/31,火,18:00,2021/8/31,火,21:00,,13,法規・倫理,501,ディスカッション【その３】,運営委員,ホール２
東京,J2,2021/8/31,火,18:00,2021/8/31,火,21:00,,14,法規・倫理,501,ディスカッション【その３】,運営委員,ホール２
東京,J2,2021/8/31,火,18:00,2021/8/31,火,21:00,,15,法規・倫理,501,ディスカッション【その３】,運営委員,ホール２
東京,J2,2021/8/31,火,18:00,2021/8/31,火,21:00,,16,法規・倫理,501,ディスカッション【その３】,運営委員,ホール２
東京,J2,2021/9/1,水,18:00,2021/9/1,水,21:00,,17,法規・倫理,501,ディスカッション【その３】,運営委員,ホール１
東京,J2,2021/9/1,水,18:00,2021/9/1,水,21:00,,18,法規・倫理,501,ディスカッション【その３】,運営委員,ホール１
東京,J2,2021/9/1,水,18:00,2021/9/1,水,21:00,,19,法規・倫理,501,ディスカッション【その３】,運営委員,ホール１
東京,J2,2021/9/1,水,18:00,2021/9/1,水,21:00,,20,法規・倫理,501,ディスカッション【その３】,運営委員,ホール１
東京,J2,2021/9/1,水,18:00,2021/9/1,水,21:00,,21,法規・倫理,501,ディスカッション【その３】,運営委員,ホール２
東京,J2,2021/9/1,水,18:00,2021/9/1,水,21:00,,22,法規・倫理,501,ディスカッション【その３】,運営委員,ホール２
東京,J2,2021/9/1,水,18:00,2021/9/1,水,21:00,,23,法規・倫理,501,ディスカッション【その３】,運営委員,ホール２
東京,J2,2021/9/1,水,18:00,2021/9/1,水,21:00,,24,法規・倫理,501,ディスカッション【その３】,運営委員,ホール２
東京,J2,2021/9/2,木,18:00,2021/9/2,木,21:00,,25,法規・倫理,501,ディスカッション【その３】,運営委員,ホール１
東京,J2,2021/9/2,木,18:00,2021/9/2,木,21:00,,26,法規・倫理,501,ディスカッション【その３】,運営委員,ホール１
東京,J2,2021/9/2,木,18:00,2021/9/2,木,21:00,,27,法規・倫理,501,ディスカッション【その３】,運営委員,ホール１
東京,J2,2021/9/2,木,18:00,2021/9/2,木,21:00,,28,法規・倫理,501,ディスカッション【その３】,運営委員,ホール１
東京,J2,2021/9/2,木,18:00,2021/9/2,木,21:00,,29,法規・倫理,501,ディスカッション【その３】,運営委員,ホール２
東京,J2,2021/9/2,木,18:00,2021/9/2,木,21:00,,30,法規・倫理,501,ディスカッション【その３】,運営委員,ホール２
東京,J2,2021/9/2,木,18:00,2021/9/2,木,21:00,,31,法規・倫理,501,ディスカッション【その３】,運営委員,ホール２
東京,J2,2021/9/2,木,18:00,2021/9/2,木,21:00,,32,法規・倫理,501,ディスカッション【その３】,運営委員,ホール２
東京,J2,2021/9/3,金,18:00,2021/9/3,金,21:00,,33,法規・倫理,501,ディスカッション【その３】,運営委員,ホール１
東京,J2,2021/9/3,金,18:00,2021/9/3,金,21:00,,34,法規・倫理,501,ディスカッション【その３】,運営委員,ホール１
東京,J2,2021/9/3,金,18:00,2021/9/3,金,21:00,,35,法規・倫理,501,ディスカッション【その３】,運営委員,ホール１
東京,J2,2021/9/3,金,18:00,2021/9/3,金,21:00,,36,法規・倫理,501,ディスカッション【その３】,運営委員,ホール１
東京,J2,2021/9/3,金,18:00,2021/9/3,金,21:00,,37,法規・倫理,501,ディスカッション【その３】,運営委員,ホール２
東京,J2,2021/9/3,金,18:00,2021/9/3,金,21:00,,38,法規・倫理,501,ディスカッション【その３】,運営委員,ホール２
東京,J2,2021/9/3,金,18:00,2021/9/3,金,21:00,,39,法規・倫理,501,ディスカッション【その３】,運営委員,ホール２
東京,J2,2021/9/3,金,18:00,2021/9/3,金,21:00,,40,法規・倫理,501,ディスカッション【その３】,運営委員,ホール２
東京・全支所,J2,2021/9/5,日,13:20,2021/9/5,日,15:30,,,,,追試【税務グループ】第２回考査,運営委員,公認会計士会館・早稲田大学
東京,J3,2021/1/5,火,18:00,2021/1/5,火,21:00,事前エントリー,,法規・倫理,401,（必修）監査事例研究【ゼミナール】,運営委員,ホール１
東京,J3,2021/1/5,火,18:00,2021/1/5,火,21:00,事前エントリー,,法規・倫理,401,（必修）監査事例研究【ゼミナール】,運営委員,ホール２
東京,J3,2021/1/6,水,18:00,2021/1/6,水,21:00,事前エントリー,,法規・倫理,401,（必修）監査事例研究【ゼミナール】,運営委員,ホール１
東京,J3,2021/1/6,水,18:00,2021/1/6,水,21:00,事前エントリー,,法規・倫理,401,（必修）監査事例研究【ゼミナール】,運営委員,ホール２
東京・全支所,J3,2021/2/28,日,13:20,2021/2/28,日,15:30,,,,,【監査総合グループ】考査⑧,,協会・外部
東京,J3,2021/3/6,土,9:00,2021/3/6,土,12:00,事前エントリー,,経営,107,持続的企業価値向上の経営実務,吉松 加雄,ホール１
東京,J3,2021/3/6,土,13:00,2021/3/6,土,16:00,事前エントリー,,法規・倫理,405,ビジネススキル,冨山 和彦,ホール１
東京,J3,2021/3/27,土,9:00,2021/3/27,土,12:00,事前エントリー,,会計,433,国際財務報告基準の実務【ゼミナール】,運営委員,ホール１
東京,J3,2021/3/27,土,9:00,2021/3/27,土,12:00,事前エントリー,,会計,433,国際財務報告基準の実務【ゼミナール】,運営委員,ホール２
東京,J3,2021/3/27,土,13:00,2021/3/27,土,16:00,事前エントリー,,会計,433,国際財務報告基準の実務【ゼミナール】,運営委員,ホール１
東京,J3,2021/3/27,土,13:00,2021/3/27,土,16:00,事前エントリー,,会計,433,国際財務報告基準の実務【ゼミナール】,運営委員,ホール２
東京,J3,2021/4/4,日,9:00,2021/4/4,日,12:00,事前エントリー,,会計,433,国際財務報告基準の実務【ゼミナール】,運営委員,ホール１
東京,J3,2021/4/4,日,9:00,2021/4/4,日,12:00,事前エントリー,,会計,433,国際財務報告基準の実務【ゼミナール】,運営委員,ホール２
東京,J3,2021/4/4,日,13:00,2021/4/4,日,16:00,事前エントリー,,会計,433,国際財務報告基準の実務【ゼミナール】,運営委員,ホール１
東京,J3,2021/4/4,日,13:00,2021/4/4,日,16:00,事前エントリー,,会計,433,国際財務報告基準の実務【ゼミナール】,運営委員,ホール２
東京,J3,2021/5/29,土,9:00,2021/5/29,土,12:00,事前エントリー,,経営,204,管理会計の実務,園田 智昭,ホール１
東京,J3,2021/6/12,土,13:00,2021/6/12,土,16:00,事前エントリー,,特別,205,管理会計総論【ゼミナール】,運営委員,ホール１
東京,J3,2021/6/12,土,13:00,2021/6/12,土,16:00,事前エントリー,,特別,205,管理会計総論【ゼミナール】,運営委員,ホール２
東京,J3,2021/6/12,土,13:00,2021/6/12,土,16:00,事前エントリー,,特別,205,管理会計総論【ゼミナール】,運営委員,402会議室
東京,J3,2021/6/12,土,13:00,2021/6/12,土,16:00,事前エントリー,,特別,205,管理会計総論【ゼミナール】,運営委員,403会議室
東京,J3,2021/6/12,土,13:00,2021/6/12,土,16:00,事前エントリー,,特別,205,管理会計総論【ゼミナール】,運営委員,404会議室
東京・全支所,J3,2021/8/22,日,13:20,2021/8/22,日,15:30,,,,,追試【監査総合グループ】第８回考査,運営委員,公認会計士会館
Eラン,J2,2020/12/10,木,,2021/3/31,水,,,,会計,632,企業組織再編の会計・税務・法務【その１】,宗延 智也,
Eラン,J2,2020/12/10,木,,2021/3/31,水,,,,会計,632,企業組織再編の会計・税務・法務【その２】,宗延 智也,
Eラン,J3,2020/12/10,木,,2021/3/31,水,,,,会計,216,退職給付会計,大竹 勇輝,
Eラン,J3,2020/12/10,木,,2021/3/31,水,,,,会計,433,国際財務報告基準の実務,原 寛,
Eラン,J2,2020/12/25,金,,2021/3/31,水,,,,監査,503,金融機関の会計と監査,岩﨑 裕男,
Eラン,J2,2020/12/25,金,,2021/3/31,水,,,,監査,337,関連当事者,石塚 俊行,
Eラン,J2,2020/12/25,金,,2021/3/31,水,,,,監査,537,独立行政法人の会計と監査,大道 良幸,
Eラン,J2,2021/1/15,金,,2021/3/31,水,,,,監査,535,非営利法人の会計と監査,石井 雅也、上倉 要介、有松 義文,
Eラン,J2,2021/1/15,金,,2021/3/31,水,,,,監査,536,地方自治体会計と監査,鈴木 識都,
Eラン,J2,2021/1/15,金,,2021/3/31,水,,,,会計,402,国際財務報告基準（各論）【その１】,熊代 幸博,
Eラン,J2,2021/1/15,金,,2021/3/31,水,,,,会計,402,国際財務報告基準（各論）【その２】,三田村 昌樹,
Eラン,J2,2021/1/15,金,,2021/3/31,水,,,,会計,402,国際財務報告基準（各論）【その３】,田川 茂生,
Eラン,J2,2021/1/15,金,,2021/3/31,水,,,,会計,402,国際財務報告基準（各論）【その４】,髙木 淳,
Eラン,J2,2021/1/15,金,,2021/3/31,水,,,,会計,402,国際財務報告基準（各論）【その５】,中原 康宏,
Eラン,J2,2021/1/15,金,,2021/3/31,水,,,,会計,402,国際財務報告基準（各論）【その６】,明石 真理子,
Eラン,J2,2021/1/15,金,,2021/3/31,水,,,,会計,402,国際財務報告基準（各論）【その７】,岡田 泰治,
Eラン,J2,2021/1/15,金,,2021/3/31,水,,,,経営,402,企業におけるＩＴ環境とＩＴに関する保証業務,曽根 慶二,
Eラン,J2,2021/1/15,金,,2021/3/31,水,,,,法規・その他,404,不動産評価の方法,杉本 茂、牛木 啓貴,
Eラン,J2,2021/1/15,金,,2021/3/31,水,,,,特別講義,105,企業のガバナンスと監査役,百武 直樹,
Eラン,J2,2021/2/1,月,,2021/4/30,金,,,,監査,534,学校法人の会計と監査,小野寺 勝,
Eラン,J2,2021/2/1,月,,2021/4/30,金,,,,経営,136,株式上場実務,佐々田 博信,
Eラン,J2,2021/2/1,月,,2021/4/30,金,,,,法規・その他,402,商業登記・不動産登記,足立 啓明,
Eラン,J2,2021/2/1,月,,2021/4/30,金,,,,法規・その他,403,民法,岡 伸浩,
Eラン,J3,2021/2/15,月,,2021/4/30,金,,,,会計,633,倒産の実務（更生・民事再生・破産・特別清算）,谷津 朋美,
Eラン,J2,2021/3/1,月,,2021/5/31,月,,,,経営,405,全般統制,佐藤 茂,
Eラン,J1,2021/3/15,月,,2021/8/31,火,,,,監査,203,リスク評価及び評価したリスクへの対応【その１】,田村 知弘,
Eラン,J1,2021/3/15,月,,2021/8/31,火,,,,監査,203,リスク評価及び評価したリスクへの対応【その２】,田村 知弘,
Eラン,J1,2021/3/15,月,,2021/8/31,火,,,,監査,237,財務報告に係る内部統制の監査【その１】,衣笠 晶雄,
Eラン,J1,2021/3/15,月,,2021/8/31,火,,,,監査,237,財務報告に係る内部統制の監査【その２】,衣笠 晶雄,
Eラン,J1,2021/3/15,月,,2021/8/31,火,,,,監査,301,現預金・借入金【その１】,北山 圭介,
Eラン,J1,2021/3/15,月,,2021/8/31,火,,,,監査,301,現預金・借入金【その２】,北山 圭介,
Eラン,J1,2021/3/15,月,,2021/8/31,火,,,,監査,320,実査・立会・確認,島田 昌典,
Eラン,J1,2021/3/15,月,,2021/8/31,火,,,,監査,334,固定資産【その１】,越前 雅貴,
Eラン,J1,2021/3/15,月,,2021/8/31,火,,,,監査,334,固定資産【その２】,越前 雅貴,
Eラン,J1,2021/3/15,月,,2021/8/31,火,,,,監査,334,固定資産【その３】,越前 雅貴,
Eラン,J1,2021/3/15,月,,2021/8/31,火,,,,監査,335,金融商品【その１】,瀧浪 健士,
Eラン,J1,2021/3/15,月,,2021/8/31,火,,,,経営,101,経営管理総論,髙梨 智弘,
Eラン,J1,2021/3/15,月,,2021/8/31,火,,,,監査,335,金融商品【その２】,瀧浪 健士,
Eラン,J1,2021/3/15,月,,2021/8/31,火,,,,経営,401,ＩＴの基礎知識,川真田 健二,
Eラン,J1,2021/3/15,月,,2021/8/31,火,,,,経営,403,ＩＴのリスク評価の概論,佐藤 秀史,
Eラン,J1,2021/3/15,月,,2021/8/31,火,,,,経営,404,業務処理統制,村上 正寛,
Eラン,J1,2021/3/15,月,,2021/8/31,火,,,,法規・その他,101,金融商品取引法及び証券取引等監視委員会の活動状況等,浜田 康,
Eラン,J1,2021/4/1,木,,2021/8/31,火,,,,監査,231,監査制度,安福 健也,
Eラン,J1,2021/4/1,木,,2021/8/31,火,,,,監査,232,財務諸表監査における不正,吉見 宏,
Eラン,J1,2021/4/1,木,,2021/8/31,火,,,,監査,306,人件費【その１】,久保 直生,
Eラン,J1,2021/4/1,木,,2021/8/31,火,,,,監査,306,人件費【その２】,久保 直生,
Eラン,J1,2021/4/1,木,,2021/8/31,火,,,,会計,134,決算実務と開示【その１】,加藤 圭介,
Eラン,J1,2021/4/1,木,,2021/8/31,火,,,,会計,134,決算実務と開示【その２】,加藤 圭介,
Eラン,J1,2021/4/1,木,,2021/8/31,火,,,,会計,134,決算実務と開示【その３】,加藤 圭介,
Eラン,J1,2021/4/1,木,,2021/8/31,火,,,,経営,201,経営分析総論,石川 博行,
Eラン,J1,2021/4/1,木,,2021/8/31,火,,,,法規・その他,407,ファイナンスの基礎,桑原 和典,
Eラン,J1,2021/4/15,木,,2021/8/31,火,,,,監査,303,購買・棚卸資産・原価計算【その１】,藤原 康弘,
Eラン,J1,2021/4/15,木,,2021/8/31,火,,,,監査,303,購買・棚卸資産・原価計算【その２】,藤原 康弘,
Eラン,J1,2021/4/15,木,,2021/8/31,火,,,,監査,332,販売【その１】,内田 好久,
Eラン,J1,2021/4/15,木,,2021/8/31,火,,,,監査,332,販売【その２】,内田 好久,
Eラン,J1,2021/4/15,木,,2021/8/31,火,,,,監査,332,販売【その３】,内田 好久,
Eラン,J1,2021/4/15,木,,2021/8/31,火,,,,監査,335,金融商品【その３】,中山 英志,
Eラン,J1,2021/4/15,木,,2021/8/31,火,,,,法規・その他,408,経済学（マクロ経済学）,下井 直毅,
Eラン,J1,2021/4/15,木,,2021/8/31,火,,,,会計,232,連結財務諸表（会計処理・セグメント・CF）【その１】,三宮 朋広,
Eラン,J1,2021/4/15,木,,2021/8/31,火,,,,会計,232,連結財務諸表（会計処理・セグメント・CF）【その２】,三宮 朋広,
Eラン,J1,2021/4/15,木,,2021/8/31,火,,,,会計,431,国際財務報告基準(IFRS)の概要,山田 辰己,
Eラン,J1,2021/4/15,木,,2021/8/31,火,,,,経営,203,財務情報分析（監査等における利用）,飯塚 智,
Eラン,J1,2021/4/15,木,,2021/8/31,火,,,,特別講義,101,会長講話,手塚 正彦,
Eラン,J1,2021/4/15,木,,2021/8/31,火,,,,特別講義,102,所長講話（東京実務補習所）,柳澤 義一,
Eラン,J1,2021/4/15,木,,2021/8/31,火,,,,特別講義,102,所長講話（近畿実務補習所）,高濱 滋,
Eラン,J1,2021/4/15,木,,2021/8/31,火,,,,法規・その他,301,職業倫理,宮﨑 晃子,
Eラン,J1,2021/5/1,土,,2021/8/31,火,,,,会計,231,連結財務諸表作成の基礎,飯塚 幸子,
Eラン,J1,2021/5/1,土,,2021/8/31,火,,,,経営,202,財務情報分析（事例分析）,矢口 龍一,
Eラン,J3,2021/5/1,土,,2021/7/31,土,,,,経営,105,企業・投資家間対話と統合報告,森 洋一、熊谷 五郎,
Eラン,J1,2021/5/10,月,,2021/8/31,火,,,,税務,101,税法総論,成澤 信彦,
Eラン,J1,2021/5/10,月,,2021/8/31,火,,,,税務,102,租税制度総論,那須 伸裕、恩田 学,
Eラン,J1,2021/5/10,月,,2021/8/31,火,,,,税務,201,法人税法総論,鶴田 泰三,
Eラン,J1,2021/5/17,月,,2021/8/31,火,,,,法規・その他,201,公認会計士法,西山 久美子,
Eラン,J1,2021/5/17,月,,2021/8/31,火,,,,税務,301,所得税法概論【その１】,遠藤 洋介,
Eラン,J1,2021/5/17,月,,2021/8/31,火,,,,税務,301,所得税法概論【その２】,遠藤 洋介,
Eラン,J1,2021/5/17,月,,2021/8/31,火,,,,税務,301,所得税法概論【その３】,蝋山 竜利,
Eラン,J1,2021/5/17,月,,2021/8/31,火,,,,税務,401,相続税法概論【その１】,田中 陽,
Eラン,J1,2021/5/17,月,,2021/8/31,火,,,,税務,401,相続税法概論【その２】,田中 圭,
Eラン,J1,2021/5/17,月,,2021/8/31,火,,,,税務,501,消費税法概論【その１】,髙橋 篤史,
Eラン,J1,2021/5/17,月,,2021/8/31,火,,,,税務,501,消費税法概論【その２】,髙橋 篤史,
Eラン,J1,2021/5/17,月,,2021/8/31,火,,,,税務,503,地方税法概論,山﨑 友揮,
Eラン,J1,2021/5/17,月,,2021/8/31,火,,,,特別講義,201,監査規範,松本 祥尚,
Eラン,J1,2021/5/17,月,,2021/8/31,火,,,,特別講義,2022,連結会計,山地 範明,
Eラン,J1,2021/5/17,月,,2021/8/31,火,,,,特別講義,203,会計倫理,蟹江 章,
Eラン,J2,2021/5/17,月,,2021/8/31,火,,,,特別講義,204,財務報告の概念フレームワーク,梅原 秀継,
Eラン,J3,2021/5/17,月,,2021/8/31,火,,,,特別講義,205,管理会計総論,清水 孝,
Eラン,J1,2021/6/15,火,,2021/8/31,火,,,,監査,401,国際監査基準,吉村 航平,
Eラン,J1,2021/6/15,火,,2021/8/31,火,,,,会計,301,会社の設立実務、業務と組織･諸規程,小田 純也,
Eラン,J1,2021/6/15,火,,2021/8/31,火,,,,会計,601,英文財務諸表,金児 利幸,
Eラン,J1,2021/6/15,火,,2021/8/31,火,,,,法規・その他,406,統計的サンプリング【その１】,石原 佳和,
Eラン,J1,2021/6/15,火,,2021/8/31,火,,,,法規・その他,406,統計的サンプリング【その２】,石原 佳和,
Eラン,J1,2021/6/15,火,,2021/8/31,火,,,,監査,204,監査証拠及び他者の作業の利用,髙山 大輔,
Eラン,J1,2021/6/15,火,,2021/8/31,火,,,,監査,206,四半期レビュー,後藤 秀洋,
Eラン,J1,2021/6/15,火,,2021/8/31,火,,,,監査,502,保証業務,松永 智行,
Eラン,J1,2021/6/15,火,,2021/8/31,火,,,,会計,234,純資産の部・包括利益・過年度遡及,西尾 拓也,
Eラン,J1,2021/6/15,火,,2021/8/31,火,,,,会計,303,貿易実務,紙野 愛健,
Eラン,J2,2020/12/10,木,,2021/8/31,火,,,,法規・その他,302,職業倫理（精神的独立性）,後藤 紳太郎,
Eラン,J2,2020/12/25,金,,2021/3/31,水,,,,監査,205,監査の結論及び報告,髙橋 賢,
Eラン,J2,2020/12/25,金,,2021/3/31,水,,,,会計,233,税金・税効果【その１】,赤津 登美子,
Eラン,J2,2020/12/25,金,,2021/3/31,水,,,,会計,233,税金・税効果【その２】,赤津 登美子,
Eラン,J2,2020/12/25,金,,2021/3/31,水,,,,経営,103,企業におけるリスク管理,久禮 由敬,
Eラン,J2,2021/1/15,金,,2021/4/30,金,,,,特別講義,103,株式の上場制度トピックス,林 謙太郎,
Eラン,J2,2021/2/1,月,,2021/4/30,金,,,,監査,338,グループ監査,田中 博文,
Eラン,J2,2021/5/10,月,,2021/8/31,火,,,,税務,210,法人税法（組織再編税制）【その１】,山田 盛人,
Eラン,J2,2021/5/10,月,,2021/8/31,火,,,,税務,210,法人税法（組織再編税制）【その２】,山田 盛人,
Eラン,J2,2021/5/10,月,,2021/8/31,火,,,,税務,212,法人税法（各論）【その１】,小林 拓真,
Eラン,J2,2021/5/10,月,,2021/8/31,火,,,,税務,212,法人税法（各論）【その２】,山﨑 友揮,
Eラン,J2,2021/5/10,月,,2021/8/31,火,,,,税務,212,法人税法（各論）【その３】,伊藤 章子,
Eラン,J2,2021/5/17,月,,2021/8/31,火,,,,税務,211,法人税法（連結納税）【その１】,佐藤 康治,
Eラン,J2,2021/5/17,月,,2021/8/31,火,,,,税務,211,法人税法（連結納税）【その２】,佐藤 康治,
Eラン,J2,2021/6/1,火,,2021/8/31,火,,,,税務,209,法人税法（総合演習）【その１】,下村 文男,
Eラン,J2,2021/6/1,火,,2021/8/31,火,,,,税務,209,法人税法（総合演習）【その２】,下村 文男,
Eラン,J2,2021/6/1,火,,2021/8/31,火,,,,税務,601,国際税制【その１】,小山 和憲,
Eラン,J2,2021/6/1,火,,2021/8/31,火,,,,税務,601,国際税制【その２】,小山 和憲,
Eラン,J2,2021/6/15,火,,2021/8/31,火,,,,経営,406,業務処理統制及び全般統制の実務演習,佐藤 茂,
Eラン,J3,2020/12/10,木,,2021/8/31,火,,,,経営,301,デュー・ディリジェンス,村井 仁,
Eラン,J3,2020/12/10,木,,2021/8/31,火,,,,経営,302,企業価値評価,坂上 信一郎,
Eラン,J3,2020/12/25,金,,2021/3/31,水,,,,経営,104,コーポレートガバナンス,箱田 順哉,
Eラン,J3,2020/12/25,金,,2021/3/31,水,,,,特別講義,104,会計･監査トピックス,山澤 伸吾、松尾 圭祐、宗延 智也,
Eラン,J3,2021/3/22,月,,2021/6/30,水,,,,経営,107,持続的企業価値向上の経営実務,吉松 加雄,
Eラン,J3,2021/3/22,月,,2021/6/30,水,,,,法規・その他,405,ビジネススキル,冨山 和彦,
Eラン,J3,2021/4/15,木,,2021/8/31,火,,,,特別講義,106,公認会計士・監査審査会会長講話,櫻井 久勝,
Eラン,J3,2021/6/15,火,,2021/8/31,火,,,,経営,204,管理会計の実務,園田 智昭,
申込,J2,2020/11/10,火,0:00,2020/11/26,木,16:00,,,,,ビジネスゲーム（11/29開催分）,,
申込,J2,2020/11/10,火,0:00,2020/11/26,木,16:00,,,,,ビジネスゲーム（12/19開催分）,,
申込,J2,2020/11/10,火,0:00,2020/11/26,木,16:00,,,,,ビジネスゲーム（12/20開催分）,,
申込,J2,2020/11/13,金,0:00,2020/11/27,金,16:00,,,,,監査の結論及び報告【ゼミナール】（12/5 16:10開催分）,,
申込,J2,2020/11/13,金,0:00,2020/11/27,金,16:00,,,,,監査の結論及び報告【ゼミナール】（12/6 13:00開催分）,,
申込,J2,2020/11/13,金,0:00,2020/11/27,金,16:00,,,,,監査の結論及び報告【ゼミナール】（12/6 16:10開催分）,,
申込,J2,2020/11/16,月,0:00,2021/1/8,金,16:00,,,,,企業におけるリスク管理【ゼミナール】（1/15開催分）,,
申込,J2,2020/11/13,金,0:00,2021/1/10,日,16:00,,,,,企業におけるリスク管理【ゼミナール】（1/23 9:00開催分）,,
申込,J2,2020/11/13,金,0:00,2021/1/10,日,16:00,,,,,企業におけるリスク管理【ゼミナール】（1/23 13:00開催分）,,
申込,J2,2020/11/13,金,0:00,2021/1/10,日,16:00,,,,,企業におけるリスク管理【ゼミナール】（1/24 9:00開催分）,,
申込,J2,2020/11/13,金,0:00,2021/1/10,日,16:00,,,,,企業におけるリスク管理【ゼミナール】（1/24 13:00開催分）,,
申込,J3,2020/11/16,月,0:00,2020/12/22,火,16:00,,,,,（必修）監査事例研究【ゼミナール】（1/5 18:00開催分）,,
申込,J3,2020/11/16,月,0:00,2020/12/22,火,16:00,,,,,（必修）監査事例研究【ゼミナール】（1/6 18:00開催分）,,
申込,J3,2020/11/16,月,0:00,2020/12/22,火,16:00,,,,,（必修）監査事例研究【ゼミナール】（1/7 18:00開催分）,,
申込,J3,2020/11/16,月,0:00,2020/12/22,火,16:00,,,,,（必修）監査事例研究【ゼミナール】（1/8 18:00開催分）,,
申込,J3,2020/11/16,月,0:00,2020/12/22,火,16:00,,,,,（必修）監査事例研究【ゼミナール】（1/9 9:00開催分）,,
申込,J3,2020/11/16,月,0:00,2020/12/22,火,16:00,,,,,（必修）監査事例研究【ゼミナール】（1/9 13:00開催分）,,
申込,J3,2020/11/16,月,0:00,2020/12/22,火,16:00,,,,,（必修）監査事例研究【ゼミナール】（1/9 16:10開催分）,,
申込,J3,2020/11/16,月,0:00,2021/1/15,金,16:00,,,,,（必修）監査事例研究【ゼミナール】（2/7 9:00開催分）,,
申込,J3,2020/11/16,月,0:00,2021/1/15,金,16:00,,,,,（必修）監査事例研究【ゼミナール】（2/7 13:00開催分）,,
申込,J3,2020/11/16,月,0:00,2021/1/15,金,16:00,,,,,（必修）監査事例研究【ゼミナール】（2/7 16:10開催分）,,
申込,J2,2020/11/16,月,0:00,2020/11/27,金,16:00,,,,,税金・税効果【その１】,,
申込,J2,2020/11/16,月,0:00,2020/11/27,金,16:00,,,,,税金・税効果【その２】,,
申込,J2,2020/11/16,月,0:00,2020/11/27,金,16:00,,,,,監査の結論及び報告,,
申込,J2,2020/11/16,月,0:00,2020/12/4,金,16:00,,,,,企業におけるリスク管理,,
申込,J2,2020/11/16,月,0:00,2021/1/8,金,16:00,,,,,グループ監査,,
申込,金沢J2,2020/12/21,月,0:00,2021/1/4,月,,,,,,監査の結論及び報告,,
申込,金沢J2,2020/12/21,月,0:00,2021/1/4,月,,,,,,固定資産,,
申込,金沢J2,2020/12/21,月,0:00,2021/1/4,月,,,,,,企業におけるリスク管理,,
申込,金沢J2,2020/12/21,月,0:00,2021/1/8,金,,,,,,経営分析総論,,
申込,金沢J2,2020/12/21,月,0:00,2021/1/22,金,,,,,,販売,,
申込,金沢J3,2020/12/21,月,0:00,2021/1/22,金,,,,,,【必修】監査事例研究,,
申込,金沢J3,2020/12/21,月,0:00,2021/1/22,金,,,,,,国際財務報告基準の実務,,
申込,J1,2021/2/17,水,0:00,2021/3/3,水,,,,,,補習生カードの写真登録,,
申込,J1,2021/2/22,月,0:00,2021/3/3,水,,,,,,入所ガイダンスへの参加事前登録,,
申込,J1,2021/2/22,月,0:00,2021/3/3,水,,,,,,入所式への事前登録,,
申込,J1,2021/2/22,月,0:00,2021/3/7,日,,,,,,入所申込フォームの登録,,
申込,J1,2021/2/22,月,0:00,2021/3/7,日,,,,,,実務補習申込書の送付,,
申込,東京J1,2021/2/24,水,0:00,2021/3/7,日,,,,,,土曜日クラス申込,,
東京,J1,2021/3/8,月,,2021/3/12,金,,,,,,クラス編成の発表（公開期間）,,
課題研究,J1,2021/3/16,火,0:00,2021/5/11,火,23:59,,,,,2020年期・第１回課題研究,,
課題研究,J1,2021/5/11,火,0:00,2021/6/15,火,23:59,,,,,2020年期・第２回課題研究,,
課題研究,J1,2021/5/18,火,0:00,2021/7/13,火,23:59,,,,,2020年期・第３回課題研究,,
課題研究,J2,2021/1/12,火,0:00,2021/3/16,火,23:59,,,,,2020年期・第４回課題研究,,
課題研究,J2,2021/5/11,火,0:00,2021/6/22,火,23:59,,,,,2020年期・第５回課題研究,,
課題研究,J3,2021/3/9,火,0:00,2021/6/8,火,23:59,,,,,2020年期・第６回課題研究,,
課題研究,最終学年,2021/8/3,火,0:00,2021/8/24,火,23:59,,,,,2020年期・追論,,
申込,J3,2021/3/9,火,0:00,2021/3/19,金,,,,,,国際財務報告基準の実務【ゼミナール】（3/27 9:00開催分）,,
申込,J3,2021/3/9,火,0:00,2021/3/19,金,,,,,,国際財務報告基準の実務【ゼミナール】（3/27 13:00開催分）,,
申込,J3,2021/3/9,火,0:00,2021/3/19,金,,,,,,国際財務報告基準の実務【ゼミナール】（4/4 9:00開催分）,,
申込,J3,2021/3/9,火,0:00,2021/3/19,金,,,,,,国際財務報告基準の実務【ゼミナール】（4/4 13:00開催分）,,
